Workbook
Name INTERIM: [1]Interim!$A$3:$A$37

Sheet REGLES
B2: REGLES DE SAISIE DU FICHIER
H30: Renseigner les heures semaines par semaines sans tenir compte de majoration, … Renseigner le nombre d'heure au 1/4 d'heure prêt
B31: Renseigner le service suivant le menu déroulant prévu à cet effet
E32: Renseigner le temps restant au 31/12/ de l'année N-1
D36: Renseigner le temps de travail du salarié
F42: Gestion du compteur de l'année N-1
F43: Renseigner selon l'accord du salarié le % de ce compteur de l'année N-1 qui sera pris en congés. Le % payé sera la différence
F44: L'information est à mettre en colonne BN.
F46: Le type de majoration permet de conserver la règle et pour la partie "pris en congés", de faire le calcul déjà majoré pour le résultat
F48: Si les congés sont prises sur le compteur de l'année N-1, il faut venir indiquer la quantité prise dans la colonne BP
J71: Venir ici inscire pour chaque semaine, pour chaque service, si il s'agit de modulation (U) ou d'heures majorées (M)
J72: Cette décision est prise par la direction en fonction de l'accord 35h en vigueur ou de décisions ponctuelles
H95: Le calcul des heures sup avec ou sans majoration en fonction du choix du tableau ci-dessus semaine par semaine, service par service, est fait dans ce tableau
H96: NE RIEN ECRIRE EN MANUEL ICI
B117: RESULTAT
H122: SUR CE TABLEAU, LE RESULTAT DES HEURES RESTANT A ETRE PRISES POUR L'ANNEE N-1
H123: ET
H124: LE NOMBRE D'HEURE A PRENDRE POUR L'ANNEE N
H126: Si des heures sont payées durant l'année N, il faut les déduire dans la colonne ci-dessous (colonne BL) sans majoration
C161: EN CAS D'ARRET MALADIE
C162: Si arrêt 1 semaine : indiquer les heures théoriques
C163: Si arrêt de 2 semaine consécutives : noter le nombre d'heure contrat

Sheet paramètres
B2: horaires
C3: min | D3: max
B4: Production CE | C4: 39 | D4: 39
B5: Production | C5: 33 | D5: 41
B6: Logistique | C6: 39 | D6: 39
B9: Mise en forme
B11: vert | C11: 0 | D11: 120
B12: orange | C12: =D11 -> 120 | D12: 170
B13: rouge | C13: =D12 -> 170 | D13: 220
B14: noire | C14: =D13 -> 220

Sheet detail par semaine
F2: Heures faites | BG2: Heure théorique | DH2: Différentiel heure | FJ2: Majoration à 1,25 | HL2: Majoration à 1,5
DH3: 1 | FJ3: 1.25 | FK3: 43 | FL3: 74 | FM3: 86 | HL3: 1.5 | JO3: Total non majoré
C4: ='MODU 2025'!C7 -> Service | D4: ='MODU 2025'!D7 -> Contrat Base | F4: ='MODU 2025'!G7 -> S2 | G4: ='MODU 2025'!H7 -> S3 | H4: ='MODU 2025'!I7 -> S4 | I4: ='MODU 2025'!J7 -> S5 | J4: ='MODU 2025'!K7 -> S6 | K4: ='MODU 2025'!L7 -> S7 | L4: ='MODU 2025'!M7 -> S8 | M4: ='MODU 2025'!N7 -> S9 | ... BE4: ='MODU 2025'!BF7 -> S52+1 | BG4: ='MODU 2025'!G7 -> S2 | BH4: ='MODU 2025'!H7 -> S3 | BI4: ='MODU 2025'!I7 -> S4 | BJ4: ='MODU 2025'!J7 -> S5 | BK4: ='MODU 2025'!K7 -> S6 | BL4: ='MODU 2025'!L7 -> S7 | BM4: ='MODU 2025'!M7 -> S8 | BN4: ='MODU 2025'!N7 -> S9 | ... DF4: ='MODU 2025'!BF7 -> S52+1 | DH4: ='MODU 2025'!G7 -> S2 | DI4: ='MODU 2025'!H7 -> S3 | DJ4: ='MODU 2025'!I7 -> S4 | DK4: ='MODU 2025'!J7 -> S5 | DL4: ='MODU 2025'!K7 -> S6 | DM4: ='MODU 2025'!L7 -> S7 | DN4: ='MODU 2025'!M7 -> S8 | DO4: ='MODU 2025'!N7 -> S9 | ... FG4: ='MODU 2025'!BF7 -> S52+1 | FH4: Total | FJ4: ='MODU 2025'!G7 -> S2 | FK4: ='MODU 2025'!H7 -> S3 | FL4: ='MODU 2025'!I7 -> S4 | FM4: ='MODU 2025'!J7 -> S5 | FN4: ='MODU 2025'!K7 -> S6 | FO4: ='MODU 2025'!L7 -> S7 | FP4: ='MODU 2025'!M7 -> S8 | FQ4: ='MODU 2025'!N7 -> S9 | ... HI4: ='MODU 2025'!BF7 -> S52+1 | HJ4: Total | HL4: ='MODU 2025'!G7 -> S2 | HM4: ='MODU 2025'!H7 -> S3 | HN4: ='MODU 2025'!I7 -> S4 | HO4: ='MODU 2025'!J7 -> S5 | HP4: ='MODU 2025'!K7 -> S6 | HQ4: ='MODU 2025'!L7 -> S7 | HR4: ='MODU 2025'!M7 -> S8 | HS4: ='MODU 2025'!N7 -> S9 | ... JK4: ='MODU 2025'!BF7 -> S52+1 | JL4: Total | JO4: =FJ3 -> 1.25 | JP4: =HL3 -> 1.5 | JQ4: Total majoré | JS4: Heures recupérées | JU4: Déduction travail - prévu
B5: ='MODU 2025'!B8 -> ABDELADIM Adem | C5: ='MODU 2025'!C8 -> Production | D5: ='MODU 2025'!D8 -> 37 | F5: ='MODU 2025'!G8 -> 37 | G5: ='MODU 2025'!H8 -> 37 | H5: ='MODU 2025'!I8 -> 37 | I5: ='MODU 2025'!J8 -> 37 | J5: ='MODU 2025'!K8 -> 37 | K5: ='MODU 2025'!L8 -> 41 | L5: ='MODU 2025'!M8 -> 33 | M5: ='MODU 2025'!N8 -> 41 | ... BE5: ='MODU 2025'!BF8 -> 41 | BG5: 37 | BH5: 37 | BI5: 37 | BJ5: 37 | BK5: 37 | BL5: 33 | BM5: 41 | BN5: 33 | BO5: 41 | BP5: 33 | BQ5: 41 | BR5: 33 | BS5: 41 | BT5: 33 | BU5: 41 | BV5: 33 | BW5: 41 | BX5: 33 | BY5: 41 | BZ5: 33 | CA5: 41 | CB5: 33 | CC5: 41 | CD5: 33 | CE5: 41 | CF5: 33 | CG5: 41 | CH5: 33 | CI5: 41 | CJ5: 33 | CK5: 41 | CL5: 33 | CM5: 41 | CN5: 33 | CO5: 41 | CP5: 33 | CQ5: 41 | CR5: 33 | CS5: 41 | CT5: 33 | CU5: 41 | CV5: 33 | CW5: 41 | CX5: 33 | CY5: 41 | CZ5: 33 | DA5: 41 | DB5: 33 | DC5: 41 | DD5: 33 | DE5: 41 | DF5: 33 | DH5: =IF( $C5="Production", IF(MOD(COLUMN(),2)=$DH$3,SUM(E5:F5)-SUM(BF5:BG5),0), F5-BG5) -> 0 | DI5: =IF( $C5="Production", IF(MOD(COLUMN(),2)=$DH$3,SUM(F5:G5)-SUM(BG5:BH5),0), G5-BH5) -> 0 | DJ5: =IF( $C5="Production", IF(MOD(COLUMN(),2)=$DH$3,SUM(G5:H5)-SUM(BH5:BI5),0), H5-BI5) -> 0 | DK5: =IF( $C5="Production", IF(MOD(COLUMN(),2)=$DH$3,SUM(H5:I5)-SUM(BI5:BJ5),0), I5-BJ5) -> 0 | DL5: =IF( $C5="Production", IF(MOD(COLUMN(),2)=$DH$3,SUM(I5:J5)-SUM(BJ5:BK5),0), J5-BK5) -> 0 | DM5: =IF( $C5="Production", IF(MOD(COLUMN(),2)=$DH$3,SUM(J5:K5)-SUM(BK5:BL5),0), K5-BL5) -> 8 | DN5: =IF( $C5="Production", IF(MOD(COLUMN(),2)=$DH$3,SUM(K5:L5)-SUM(BL5:BM5),0), L5-BM5) -> 0 | DO5: =IF( $C5="Production", IF(MOD(COLUMN(),2)=$DH$3,SUM(L5:M5)-SUM(BM5:BN5),0), M5-BN5) -> 0 | ... FG5: =IF( $C5="Production", IF(MOD(COLUMN(),2)=$DH$3,SUM(BD5:BE5)-SUM(DE5:DF5),0), BE5-DF5) -> 0 | FH5: =SUM(DH5:FG5) -> 8 | FJ5: {=IF($C5="Production", IFERROR(_xlfn.IFS(AND(DH5>0,DH5+SUM(BF5:BG5)<=$FM$3),DH5,AND(DH5>0,DH5+SUM(BF5:BG5)>$FM$3),$FM$3-SUM(BF5:BG5)),0), IFERROR(_xlfn.IFS(AND(DH5>0,DH5+BG5<=$FK$3),DH5,AND(DH5>0,DH5+BG5>$FK$3),0),0) )} -> 0 | FK5: {=IF($C5="Production", IFERROR(_xlfn.IFS(AND(DI5>0,DI5+SUM(BG5:BH5)<=$FM$3),DI5,AND(DI5>0,DI5+SUM(BG5:BH5)>$FM$3),$FM$3-SUM(BG5:BH5)),0), IFERROR(_xlfn.IFS(AND(DI5>0,DI5+BH5<=$FK$3),DI5,AND(DI5>0,DI5+BH5>$FK$3),0),0) )} -> 0 | FL5: {=IF($C5="Production", IFERROR(_xlfn.IFS(AND(DJ5>0,DJ5+SUM(BH5:BI5)<=$FM$3),DJ5,AND(DJ5>0,DJ5+SUM(BH5:BI5)>$FM$3),$FM$3-SUM(BH5:BI5)),0), IFERROR(_xlfn.IFS(AND(DJ5>0,DJ5+BI5<=$FK$3),DJ5,AND(DJ5>0,DJ5+BI5>$FK$3),0),0) )} -> 0 | FM5: {=IF($C5="Production", IFERROR(_xlfn.IFS(AND(DK5>0,DK5+SUM(BI5:BJ5)<=$FM$3),DK5,AND(DK5>0,DK5+SUM(BI5:BJ5)>$FM$3),$FM$3-SUM(BI5:BJ5)),0), IFERROR(_xlfn.IFS(AND(DK5>0,DK5+BJ5<=$FK$3),DK5,AND(DK5>0,DK5+BJ5>$FK$3),0),0) )} -> 0 | FN5: {=IF($C5="Production", IFERROR(_xlfn.IFS(AND(DL5>0,DL5+SUM(BJ5:BK5)<=$FM$3),DL5,AND(DL5>0,DL5+SUM(BJ5:BK5)>$FM$3),$FM$3-SUM(BJ5:BK5)),0), IFERROR(_xlfn.IFS(AND(DL5>0,DL5+BK5<=$FK$3),DL5,AND(DL5>0,DL5+BK5>$FK$3),0),0) )} -> 0 | FO5: {=IF($C5="Production", IFERROR(_xlfn.IFS(AND(DM5>0,DM5+SUM(BK5:BL5)<=$FM$3),DM5,AND(DM5>0,DM5+SUM(BK5:BL5)>$FM$3),$FM$3-SUM(BK5:BL5)),0), IFERROR(_xlfn.IFS(AND(DM5>0,DM5+BL5<=$FK$3),DM5,AND(DM5>0,DM5+BL5>$FK$3),0),0) )} -> 8 | FP5: {=IF($C5="Production", IFERROR(_xlfn.IFS(AND(DN5>0,DN5+SUM(BL5:BM5)<=$FM$3),DN5,AND(DN5>0,DN5+SUM(BL5:BM5)>$FM$3),$FM$3-SUM(BL5:BM5)),0), IFERROR(_xlfn.IFS(AND(DN5>0,DN5+BM5<=$FK$3),DN5,AND(DN5>0,DN5+BM5>$FK$3),0),0) )} -> 0 | FQ5: {=IF($C5="Production", IFERROR(_xlfn.IFS(AND(DO5>0,DO5+SUM(BM5:BN5)<=$FM$3),DO5,AND(DO5>0,DO5+SUM(BM5:BN5)>$FM$3),$FM$3-SUM(BM5:BN5)),0), IFERROR(_xlfn.IFS(AND(DO5>0,DO5+BN5<=$FK$3),DO5,AND(DO5>0,DO5+BN5>$FK$3),0),0) )} -> 0 | ... HI5: {=IF($C5="Production", IFERROR(_xlfn.IFS(AND(FG5>0,FG5+SUM(DE5:DF5)<=$FM$3),FG5,AND(FG5>0,FG5+SUM(DE5:DF5)>$FM$3),$FM$3-SUM(DE5:DF5)),0), IFERROR(_xlfn.IFS(AND(FG5>0,FG5+DF5<=$FK$3),FG5,AND(FG5>0,FG5+DF5>$FK$3),0),0) )} -> 0 | HJ5: =SUM(FJ5:HI5) -> 8 | HL5: =IFERROR(IF(FJ5>0,DH5-FJ5,0),0) -> 0 | HM5: =IFERROR(IF(FK5>0,DI5-FK5,0),0) -> 0 | HN5: =IFERROR(IF(FL5>0,DJ5-FL5,0),0) -> 0 | HO5: =IFERROR(IF(FM5>0,DK5-FM5,0),0) -> 0 | HP5: =IFERROR(IF(FN5>0,DL5-FN5,0),0) -> 0 | HQ5: =IFERROR(IF(FO5>0,DM5-FO5,0),0) -> 0 | HR5: =IFERROR(IF(FP5>0,DN5-FP5,0),0) -> 0 | HS5: =IFERROR(IF(FQ5>0,DO5-FQ5,0),0) -> 0 | ... JK5: =IFERROR(IF(HI5>0,FG5-HI5,0),0) -> 0 | JL5: =SUM(HL5:JK5) -> 0 | JO5: =HJ5 -> 8 | JP5: =JL5 -> 0 | JQ5: =$JO$4*JO5+$JP$4*JP5 -> 10 | JS5: =SUMIFS(DH5:FG5,DH5:FG5,"<0") -> 0 | JU5: =JQ5+JS5 -> 10
B6: ='MODU 2025'!B9 -> ALVES Sylvie | C6: ='MODU 2025'!C9 -> Production CE | D6: ='MODU 2025'!D9 -> 39 | F6: ='MODU 2025'!G9 -> 41.5 | G6: ='MODU 2025'!H9 -> 40.5 | H6: ='MODU 2025'!I9 -> 39 | I6: ='MODU 2025'!J9 -> 42.5 | J6: ='MODU 2025'!K9 -> 39 | K6: ='MODU 2025'!L9 -> 40 | L6: ='MODU 2025'!M9 -> 39 | M6: ='MODU 2025'!N9 -> 39 | ... BE6: ='MODU 2025'!BF9 -> 39 | BG6: 39 | BH6: 39 | BI6: 39 | BJ6: 39 | BK6: 39 | BL6: 39 | BM6: 39 | BN6: 39 | BO6: 39 | BP6: 39 | BQ6: 39 | BR6: 39 | BS6: 39 | BT6: 39 | BU6: 39 | BV6: 39 | BW6: 39 | BX6: 39 | BY6: 39 | BZ6: 39 | CA6: 39 | CB6: 39 | CC6: 39 | CD6: 39 | CE6: 39 | CF6: 39 | CG6: 39 | CH6: 39 | CI6: 39 | CJ6: 39 | CK6: 39 | CL6: 39 | CM6: 39 | CN6: 39 | CO6: 39 | CP6: 39 | CQ6: 39 | CR6: 39 | CS6: 39 | CT6: 39 | CU6: 39 | CV6: 39 | CW6: 39 | CX6: 39 | CY6: 39 | CZ6: 39 | DA6: 39 | DB6: 39 | DC6: 39 | DD6: 39 | DE6: 39 | DF6: 39 | DH6: =IF( $C6="Production", IF(MOD(COLUMN(),2)=$DH$3,SUM(E6:F6)-SUM(BF6:BG6),0), F6-BG6) -> 2.5 | DI6: =IF( $C6="Production", IF(MOD(COLUMN(),2)=$DH$3,SUM(F6:G6)-SUM(BG6:BH6),0), G6-BH6) -> 1.5 | DJ6: =IF( $C6="Production", IF(MOD(COLUMN(),2)=$DH$3,SUM(G6:H6)-SUM(BH6:BI6),0), H6-BI6) -> 0 | DK6: =IF( $C6="Production", IF(MOD(COLUMN(),2)=$DH$3,SUM(H6:I6)-SUM(BI6:BJ6),0), I6-BJ6) -> 3.5 | DL6: =IF( $C6="Production", IF(MOD(COLUMN(),2)=$DH$3,SUM(I6:J6)-SUM(BJ6:BK6),0), J6-BK6) -> 0 | DM6: =IF( $C6="Production", IF(MOD(COLUMN(),2)=$DH$3,SUM(J6:K6)-SUM(BK6:BL6),0), K6-BL6) -> 1 | DN6: =IF( $C6="Production", IF(MOD(COLUMN(),2)=$DH$3,SUM(K6:L6)-SUM(BL6:BM6),0), L6-BM6) -> 0 | DO6: =IF( $C6="Production", IF(MOD(COLUMN(),2)=$DH$3,SUM(L6:M6)-SUM(BM6:BN6),0), M6-BN6) -> 0 | ... FG6: =IF( $C6="Production", IF(MOD(COLUMN(),2)=$DH$3,SUM(BD6:BE6)-SUM(DE6:DF6),0), BE6-DF6) -> 0 | FH6: =SUM(DH6:FG6) -> 12 | FJ6: {=IF($C6="Production", IFERROR(_xlfn.IFS(AND(DH6>0,DH6+SUM(BF6:BG6)<=$FM$3),DH6,AND(DH6>0,DH6+SUM(BF6:BG6)>$FM$3),$FM$3-SUM(BF6:BG6)),0), IFERROR(_xlfn.IFS(AND(DH6>0,DH6+BG6<=$FK$3),DH6,AND(DH6>0,DH6+BG6>$FK$3),0),0) )} -> 2.5 | FK6: {=IF($C6="Production", IFERROR(_xlfn.IFS(AND(DI6>0,DI6+SUM(BG6:BH6)<=$FM$3),DI6,AND(DI6>0,DI6+SUM(BG6:BH6)>$FM$3),$FM$3-SUM(BG6:BH6)),0), IFERROR(_xlfn.IFS(AND(DI6>0,DI6+BH6<=$FK$3),DI6,AND(DI6>0,DI6+BH6>$FK$3),0),0) )} -> 1.5 | FL6: {=IF($C6="Production", IFERROR(_xlfn.IFS(AND(DJ6>0,DJ6+SUM(BH6:BI6)<=$FM$3),DJ6,AND(DJ6>0,DJ6+SUM(BH6:BI6)>$FM$3),$FM$3-SUM(BH6:BI6)),0), IFERROR(_xlfn.IFS(AND(DJ6>0,DJ6+BI6<=$FK$3),DJ6,AND(DJ6>0,DJ6+BI6>$FK$3),0),0) )} -> 0 | FM6: {=IF($C6="Production", IFERROR(_xlfn.IFS(AND(DK6>0,DK6+SUM(BI6:BJ6)<=$FM$3),DK6,AND(DK6>0,DK6+SUM(BI6:BJ6)>$FM$3),$FM$3-SUM(BI6:BJ6)),0), IFERROR(_xlfn.IFS(AND(DK6>0,DK6+BJ6<=$FK$3),DK6,AND(DK6>0,DK6+BJ6>$FK$3),0),0) )} -> 3.5 | FN6: {=IF($C6="Production", IFERROR(_xlfn.IFS(AND(DL6>0,DL6+SUM(BJ6:BK6)<=$FM$3),DL6,AND(DL6>0,DL6+SUM(BJ6:BK6)>$FM$3),$FM$3-SUM(BJ6:BK6)),0), IFERROR(_xlfn.IFS(AND(DL6>0,DL6+BK6<=$FK$3),DL6,AND(DL6>0,DL6+BK6>$FK$3),0),0) )} -> 0 | FO6: {=IF($C6="Production", IFERROR(_xlfn.IFS(AND(DM6>0,DM6+SUM(BK6:BL6)<=$FM$3),DM6,AND(DM6>0,DM6+SUM(BK6:BL6)>$FM$3),$FM$3-SUM(BK6:BL6)),0), IFERROR(_xlfn.IFS(AND(DM6>0,DM6+BL6<=$FK$3),DM6,AND(DM6>0,DM6+BL6>$FK$3),0),0) )} -> 1 | FP6: {=IF($C6="Production", IFERROR(_xlfn.IFS(AND(DN6>0,DN6+SUM(BL6:BM6)<=$FM$3),DN6,AND(DN6>0,DN6+SUM(BL6:BM6)>$FM$3),$FM$3-SUM(BL6:BM6)),0), IFERROR(_xlfn.IFS(AND(DN6>0,DN6+BM6<=$FK$3),DN6,AND(DN6>0,DN6+BM6>$FK$3),0),0) )} -> 0 | FQ6: {=IF($C6="Production", IFERROR(_xlfn.IFS(AND(DO6>0,DO6+SUM(BM6:BN6)<=$FM$3),DO6,AND(DO6>0,DO6+SUM(BM6:BN6)>$FM$3),$FM$3-SUM(BM6:BN6)),0), IFERROR(_xlfn.IFS(AND(DO6>0,DO6+BN6<=$FK$3),DO6,AND(DO6>0,DO6+BN6>$FK$3),0),0) )} -> 0 | ... HI6: {=IF($C6="Production", IFERROR(_xlfn.IFS(AND(FG6>0,FG6+SUM(DE6:DF6)<=$FM$3),FG6,AND(FG6>0,FG6+SUM(DE6:DF6)>$FM$3),$FM$3-SUM(DE6:DF6)),0), IFERROR(_xlfn.IFS(AND(FG6>0,FG6+DF6<=$FK$3),FG6,AND(FG6>0,FG6+DF6>$FK$3),0),0) )} -> 0 | HJ6: =SUM(FJ6:HI6) -> 12 | HL6: =IFERROR(IF(FJ6>0,DH6-FJ6,0),0) -> 0 | HM6: =IFERROR(IF(FK6>0,DI6-FK6,0),0) -> 0 | HN6: =IFERROR(IF(FL6>0,DJ6-FL6,0),0) -> 0 | HO6: =IFERROR(IF(FM6>0,DK6-FM6,0),0) -> 0 | HP6: =IFERROR(IF(FN6>0,DL6-FN6,0),0) -> 0 | HQ6: =IFERROR(IF(FO6>0,DM6-FO6,0),0) -> 0 | HR6: =IFERROR(IF(FP6>0,DN6-FP6,0),0) -> 0 | HS6: =IFERROR(IF(FQ6>0,DO6-FQ6,0),0) -> 0 | ... JK6: =IFERROR(IF(HI6>0,FG6-HI6,0),0) -> 0 | JL6: =SUM(HL6:JK6) -> 0 | JO6: =HJ6 -> 12 | JP6: =JL6 -> 0 | JQ6: =$JO$4*JO6+$JP$4*JP6 -> 15 | JS6: =SUMIFS(DH6:FG6,DH6:FG6,"<0") -> 0 | JU6: =JQ6+JS6 -> 15
B7: ='MODU 2025'!B10 -> BALLOT Lucas | C7: ='MODU 2025'!C10 -> Production | D7: ='MODU 2025'!D10 -> 37 | F7: ='MODU 2025'!G10 -> 37 | G7: ='MODU 2025'!H10 -> 37 | H7: ='MODU 2025'!I10 -> 37 | I7: ='MODU 2025'!J10 -> 37 | J7: ='MODU 2025'!K10 -> 37 | K7: ='MODU 2025'!L10 -> 37 | L7: ='MODU 2025'!M10 -> 37 | M7: ='MODU 2025'!N10 -> 37 | ... BE7: ='MODU 2025'!BF10 -> 33 | BG7: 41 | BH7: 33 | BI7: 41 | BJ7: 33 | BK7: 41 | BL7: 33 | BM7: 41 | BN7: 33 | BO7: 41 | BP7: 33 | BQ7: 41 | BR7: 33 | BS7: 41 | BT7: 33 | BU7: 41 | BV7: 33 | BW7: 41 | BX7: 33 | BY7: 41 | BZ7: 33 | CA7: 41 | CB7: 33 | CC7: 41 | CD7: 33 | CE7: 41 | CF7: 33 | CG7: 41 | CH7: 33 | CI7: 41 | CJ7: 33 | CK7: 41 | CL7: 33 | CM7: 41 | CN7: 33 | CO7: 41 | CP7: 33 | CQ7: 41 | CR7: 33 | CS7: 41 | CT7: 33 | CU7: 41 | CV7: 33 | CW7: 41 | CX7: 33 | CY7: 41 | CZ7: 33 | DA7: 41 | DB7: 33 | DC7: 41 | DD7: 33 | DE7: 41 | DF7: 33 | DH7: =IF( $C7="Production", IF(MOD(COLUMN(),2)=$DH$3,SUM(E7:F7)-SUM(BF7:BG7),0), F7-BG7) -> 0 | DI7: =IF( $C7="Production", IF(MOD(COLUMN(),2)=$DH$3,SUM(F7:G7)-SUM(BG7:BH7),0), G7-BH7) -> 0 | DJ7: =IF( $C7="Production", IF(MOD(COLUMN(),2)=$DH$3,SUM(G7:H7)-SUM(BH7:BI7),0), H7-BI7) -> 0 | DK7: =IF( $C7="Production", IF(MOD(COLUMN(),2)=$DH$3,SUM(H7:I7)-SUM(BI7:BJ7),0), I7-BJ7) -> 0 | DL7: =IF( $C7="Production", IF(MOD(COLUMN(),2)=$DH$3,SUM(I7:J7)-SUM(BJ7:BK7),0), J7-BK7) -> 0 | DM7: =IF( $C7="Production", IF(MOD(COLUMN(),2)=$DH$3,SUM(J7:K7)-SUM(BK7:BL7),0), K7-BL7) -> 0 | DN7: =IF( $C7="Production", IF(MOD(COLUMN(),2)=$DH$3,SUM(K7:L7)-SUM(BL7:BM7),0), L7-BM7) -> 0 | DO7: =IF( $C7="Production", IF(MOD(COLUMN(),2)=$DH$3,SUM(L7:M7)-SUM(BM7:BN7),0), M7-BN7) -> 0 | ... FG7: =IF( $C7="Production", IF(MOD(COLUMN(),2)=$DH$3,SUM(BD7:BE7)-SUM(DE7:DF7),0), BE7-DF7) -> 0 | FH7: =SUM(DH7:FG7) -> 0 | FJ7: {=IF($C7="Production", IFERROR(_xlfn.IFS(AND(DH7>0,DH7+SUM(BF7:BG7)<=$FM$3),DH7,AND(DH7>0,DH7+SUM(BF7:BG7)>$FM$3),$FM$3-SUM(BF7:BG7)),0), IFERROR(_xlfn.IFS(AND(DH7>0,DH7+BG7<=$FK$3),DH7,AND(DH7>0,DH7+BG7>$FK$3),0),0) )} -> 0 | FK7: {=IF($C7="Production", IFERROR(_xlfn.IFS(AND(DI7>0,DI7+SUM(BG7:BH7)<=$FM$3),DI7,AND(DI7>0,DI7+SUM(BG7:BH7)>$FM$3),$FM$3-SUM(BG7:BH7)),0), IFERROR(_xlfn.IFS(AND(DI7>0,DI7+BH7<=$FK$3),DI7,AND(DI7>0,DI7+BH7>$FK$3),0),0) )} -> 0 | FL7: {=IF($C7="Production", IFERROR(_xlfn.IFS(AND(DJ7>0,DJ7+SUM(BH7:BI7)<=$FM$3),DJ7,AND(DJ7>0,DJ7+SUM(BH7:BI7)>$FM$3),$FM$3-SUM(BH7:BI7)),0), IFERROR(_xlfn.IFS(AND(DJ7>0,DJ7+BI7<=$FK$3),DJ7,AND(DJ7>0,DJ7+BI7>$FK$3),0),0) )} -> 0 | FM7: {=IF($C7="Production", IFERROR(_xlfn.IFS(AND(DK7>0,DK7+SUM(BI7:BJ7)<=$FM$3),DK7,AND(DK7>0,DK7+SUM(BI7:BJ7)>$FM$3),$FM$3-SUM(BI7:BJ7)),0), IFERROR(_xlfn.IFS(AND(DK7>0,DK7+BJ7<=$FK$3),DK7,AND(DK7>0,DK7+BJ7>$FK$3),0),0) )} -> 0 | FN7: {=IF($C7="Production", IFERROR(_xlfn.IFS(AND(DL7>0,DL7+SUM(BJ7:BK7)<=$FM$3),DL7,AND(DL7>0,DL7+SUM(BJ7:BK7)>$FM$3),$FM$3-SUM(BJ7:BK7)),0), IFERROR(_xlfn.IFS(AND(DL7>0,DL7+BK7<=$FK$3),DL7,AND(DL7>0,DL7+BK7>$FK$3),0),0) )} -> 0 | FO7: {=IF($C7="Production", IFERROR(_xlfn.IFS(AND(DM7>0,DM7+SUM(BK7:BL7)<=$FM$3),DM7,AND(DM7>0,DM7+SUM(BK7:BL7)>$FM$3),$FM$3-SUM(BK7:BL7)),0), IFERROR(_xlfn.IFS(AND(DM7>0,DM7+BL7<=$FK$3),DM7,AND(DM7>0,DM7+BL7>$FK$3),0),0) )} -> 0 | FP7: {=IF($C7="Production", IFERROR(_xlfn.IFS(AND(DN7>0,DN7+SUM(BL7:BM7)<=$FM$3),DN7,AND(DN7>0,DN7+SUM(BL7:BM7)>$FM$3),$FM$3-SUM(BL7:BM7)),0), IFERROR(_xlfn.IFS(AND(DN7>0,DN7+BM7<=$FK$3),DN7,AND(DN7>0,DN7+BM7>$FK$3),0),0) )} -> 0 | FQ7: {=IF($C7="Production", IFERROR(_xlfn.IFS(AND(DO7>0,DO7+SUM(BM7:BN7)<=$FM$3),DO7,AND(DO7>0,DO7+SUM(BM7:BN7)>$FM$3),$FM$3-SUM(BM7:BN7)),0), IFERROR(_xlfn.IFS(AND(DO7>0,DO7+BN7<=$FK$3),DO7,AND(DO7>0,DO7+BN7>$FK$3),0),0) )} -> 0 | ... HI7: {=IF($C7="Production", IFERROR(_xlfn.IFS(AND(FG7>0,FG7+SUM(DE7:DF7)<=$FM$3),FG7,AND(FG7>0,FG7+SUM(DE7:DF7)>$FM$3),$FM$3-SUM(DE7:DF7)),0), IFERROR(_xlfn.IFS(AND(FG7>0,FG7+DF7<=$FK$3),FG7,AND(FG7>0,FG7+DF7>$FK$3),0),0) )} -> 0 | HJ7: =SUM(FJ7:HI7) -> 0 | HL7: =IFERROR(IF(FJ7>0,DH7-FJ7,0),0) -> 0 | HM7: =IFERROR(IF(FK7>0,DI7-FK7,0),0) -> 0 | HN7: =IFERROR(IF(FL7>0,DJ7-FL7,0),0) -> 0 | HO7: =IFERROR(IF(FM7>0,DK7-FM7,0),0) -> 0 | HP7: =IFERROR(IF(FN7>0,DL7-FN7,0),0) -> 0 | HQ7: =IFERROR(IF(FO7>0,DM7-FO7,0),0) -> 0 | HR7: =IFERROR(IF(FP7>0,DN7-FP7,0),0) -> 0 | HS7: =IFERROR(IF(FQ7>0,DO7-FQ7,0),0) -> 0 | ... JK7: =IFERROR(IF(HI7>0,FG7-HI7,0),0) -> 0 | JL7: =SUM(HL7:JK7) -> 0 | JO7: =HJ7 -> 0 | JP7: =JL7 -> 0 | JQ7: =$JO$4*JO7+$JP$4*JP7 -> 0 | JS7: =SUMIFS(DH7:FG7,DH7:FG7,"<0") -> 0 | JU7: =JQ7+JS7 -> 0
B8: ='MODU 2025'!B11 -> BOLLET DURAFOUR Bérangère | C8: ='MODU 2025'!C11 -> Production | D8: ='MODU 2025'!D11 -> 37 | F8: ='MODU 2025'!G11 -> 41 | G8: ='MODU 2025'!H11 -> 33 | H8: ='MODU 2025'!I11 -> 41 | I8: ='MODU 2025'!J11 -> 33 | J8: ='MODU 2025'!K11 -> 41 | K8: ='MODU 2025'!L11 -> 33 | L8: ='MODU 2025'!M11 -> 41 | M8: ='MODU 2025'!N11 -> 33 | ... BE8: ='MODU 2025'!BF11 -> 33 | BG8: 41 | BH8: 33 | BI8: 41 | BJ8: 33 | BK8: 41 | BL8: 33 | BM8: 41 | BN8: 33 | BO8: 41 | BP8: 33 | BQ8: 41 | BR8: 33 | BS8: 41 | BT8: 33 | BU8: 41 | BV8: 33 | BW8: 41 | BX8: 33 | BY8: 41 | BZ8: 33 | CA8: 41 | CB8: 33 | CC8: 41 | CD8: 33 | CE8: 41 | CF8: 33 | CG8: 41 | CH8: 33 | CI8: 41 | CJ8: 33 | CK8: 41 | CL8: 33 | CM8: 41 | CN8: 33 | CO8: 41 | CP8: 33 | CQ8: 41 | CR8: 33 | CS8: 41 | CT8: 33 | CU8: 41 | CV8: 33 | CW8: 41 | CX8: 33 | CY8: 41 | CZ8: 33 | DA8: 41 | DB8: 33 | DC8: 41 | DD8: 33 | DE8: 41 | DF8: 33 | DH8: =IF( $C8="Production", IF(MOD(COLUMN(),2)=$DH$3,SUM(E8:F8)-SUM(BF8:BG8),0), F8-BG8) -> 0 | DI8: =IF( $C8="Production", IF(MOD(COLUMN(),2)=$DH$3,SUM(F8:G8)-SUM(BG8:BH8),0), G8-BH8) -> 0 | DJ8: =IF( $C8="Production", IF(MOD(COLUMN(),2)=$DH$3,SUM(G8:H8)-SUM(BH8:BI8),0), H8-BI8) -> 0 | DK8: =IF( $C8="Production", IF(MOD(COLUMN(),2)=$DH$3,SUM(H8:I8)-SUM(BI8:BJ8),0), I8-BJ8) -> 0 | DL8: =IF( $C8="Production", IF(MOD(COLUMN(),2)=$DH$3,SUM(I8:J8)-SUM(BJ8:BK8),0), J8-BK8) -> 0 | DM8: =IF( $C8="Production", IF(MOD(COLUMN(),2)=$DH$3,SUM(J8:K8)-SUM(BK8:BL8),0), K8-BL8) -> 0 | DN8: =IF( $C8="Production", IF(MOD(COLUMN(),2)=$DH$3,SUM(K8:L8)-SUM(BL8:BM8),0), L8-BM8) -> 0 | DO8: =IF( $C8="Production", IF(MOD(COLUMN(),2)=$DH$3,SUM(L8:M8)-SUM(BM8:BN8),0), M8-BN8) -> 0 | ... FG8: =IF( $C8="Production", IF(MOD(COLUMN(),2)=$DH$3,SUM(BD8:BE8)-SUM(DE8:DF8),0), BE8-DF8) -> 0 | FH8: =SUM(DH8:FG8) -> 0 | FJ8: {=IF($C8="Production", IFERROR(_xlfn.IFS(AND(DH8>0,DH8+SUM(BF8:BG8)<=$FM$3),DH8,AND(DH8>0,DH8+SUM(BF8:BG8)>$FM$3),$FM$3-SUM(BF8:BG8)),0), IFERROR(_xlfn.IFS(AND(DH8>0,DH8+BG8<=$FK$3),DH8,AND(DH8>0,DH8+BG8>$FK$3),0),0) )} -> 0 | FK8: {=IF($C8="Production", IFERROR(_xlfn.IFS(AND(DI8>0,DI8+SUM(BG8:BH8)<=$FM$3),DI8,AND(DI8>0,DI8+SUM(BG8:BH8)>$FM$3),$FM$3-SUM(BG8:BH8)),0), IFERROR(_xlfn.IFS(AND(DI8>0,DI8+BH8<=$FK$3),DI8,AND(DI8>0,DI8+BH8>$FK$3),0),0) )} -> 0 | FL8: {=IF($C8="Production", IFERROR(_xlfn.IFS(AND(DJ8>0,DJ8+SUM(BH8:BI8)<=$FM$3),DJ8,AND(DJ8>0,DJ8+SUM(BH8:BI8)>$FM$3),$FM$3-SUM(BH8:BI8)),0), IFERROR(_xlfn.IFS(AND(DJ8>0,DJ8+BI8<=$FK$3),DJ8,AND(DJ8>0,DJ8+BI8>$FK$3),0),0) )} -> 0 | FM8: {=IF($C8="Production", IFERROR(_xlfn.IFS(AND(DK8>0,DK8+SUM(BI8:BJ8)<=$FM$3),DK8,AND(DK8>0,DK8+SUM(BI8:BJ8)>$FM$3),$FM$3-SUM(BI8:BJ8)),0), IFERROR(_xlfn.IFS(AND(DK8>0,DK8+BJ8<=$FK$3),DK8,AND(DK8>0,DK8+BJ8>$FK$3),0),0) )} -> 0 | FN8: {=IF($C8="Production", IFERROR(_xlfn.IFS(AND(DL8>0,DL8+SUM(BJ8:BK8)<=$FM$3),DL8,AND(DL8>0,DL8+SUM(BJ8:BK8)>$FM$3),$FM$3-SUM(BJ8:BK8)),0), IFERROR(_xlfn.IFS(AND(DL8>0,DL8+BK8<=$FK$3),DL8,AND(DL8>0,DL8+BK8>$FK$3),0),0) )} -> 0 | FO8: {=IF($C8="Production", IFERROR(_xlfn.IFS(AND(DM8>0,DM8+SUM(BK8:BL8)<=$FM$3),DM8,AND(DM8>0,DM8+SUM(BK8:BL8)>$FM$3),$FM$3-SUM(BK8:BL8)),0), IFERROR(_xlfn.IFS(AND(DM8>0,DM8+BL8<=$FK$3),DM8,AND(DM8>0,DM8+BL8>$FK$3),0),0) )} -> 0 | FP8: {=IF($C8="Production", IFERROR(_xlfn.IFS(AND(DN8>0,DN8+SUM(BL8:BM8)<=$FM$3),DN8,AND(DN8>0,DN8+SUM(BL8:BM8)>$FM$3),$FM$3-SUM(BL8:BM8)),0), IFERROR(_xlfn.IFS(AND(DN8>0,DN8+BM8<=$FK$3),DN8,AND(DN8>0,DN8+BM8>$FK$3),0),0) )} -> 0 | FQ8: {=IF($C8="Production", IFERROR(_xlfn.IFS(AND(DO8>0,DO8+SUM(BM8:BN8)<=$FM$3),DO8,AND(DO8>0,DO8+SUM(BM8:BN8)>$FM$3),$FM$3-SUM(BM8:BN8)),0), IFERROR(_xlfn.IFS(AND(DO8>0,DO8+BN8<=$FK$3),DO8,AND(DO8>0,DO8+BN8>$FK$3),0),0) )} -> 0 | ... HI8: {=IF($C8="Production", IFERROR(_xlfn.IFS(AND(FG8>0,FG8+SUM(DE8:DF8)<=$FM$3),FG8,AND(FG8>0,FG8+SUM(DE8:DF8)>$FM$3),$FM$3-SUM(DE8:DF8)),0), IFERROR(_xlfn.IFS(AND(FG8>0,FG8+DF8<=$FK$3),FG8,AND(FG8>0,FG8+DF8>$FK$3),0),0) )} -> 0 | HJ8: =SUM(FJ8:HI8) -> 0 | HL8: =IFERROR(IF(FJ8>0,DH8-FJ8,0),0) -> 0 | HM8: =IFERROR(IF(FK8>0,DI8-FK8,0),0) -> 0 | HN8: =IFERROR(IF(FL8>0,DJ8-FL8,0),0) -> 0 | HO8: =IFERROR(IF(FM8>0,DK8-FM8,0),0) -> 0 | HP8: =IFERROR(IF(FN8>0,DL8-FN8,0),0) -> 0 | HQ8: =IFERROR(IF(FO8>0,DM8-FO8,0),0) -> 0 | HR8: =IFERROR(IF(FP8>0,DN8-FP8,0),0) -> 0 | HS8: =IFERROR(IF(FQ8>0,DO8-FQ8,0),0) -> 0 | ... JK8: =IFERROR(IF(HI8>0,FG8-HI8,0),0) -> 0 | JL8: =SUM(HL8:JK8) -> 0 | JO8: =HJ8 -> 0 | JP8: =JL8 -> 0 | JQ8: =$JO$4*JO8+$JP$4*JP8 -> 0 | JS8: =SUMIFS(DH8:FG8,DH8:FG8,"<0") -> 0 | JU8: =JQ8+JS8 -> 0
B9: ='MODU 2025'!B12 -> BONNERUE Sandrine | C9: ='MODU 2025'!C12 -> Production | D9: ='MODU 2025'!D12 -> 37 | F9: ='MODU 2025'!G12 -> 33 | G9: ='MODU 2025'!H12 -> 41 | H9: ='MODU 2025'!I12 -> 33 | I9: ='MODU 2025'!J12 -> 41 | J9: ='MODU 2025'!K12 -> 33 | K9: ='MODU 2025'!L12 -> 41 | L9: ='MODU 2025'!M12 -> 33 | M9: ='MODU 2025'!N12 -> 40.25 | ... BE9: ='MODU 2025'!BF12 -> 41 | BG9: 33 | BH9: 41 | BI9: 33 | BJ9: 41 | BK9: 33 | BL9: 41 | BM9: 33 | BN9: 41 | BO9: 33 | BP9: 41 | BQ9: 33 | BR9: 41 | BS9: 33 | BT9: 41 | BU9: 33 | BV9: 41 | BW9: 33 | BX9: 41 | BY9: 33 | BZ9: 41 | CA9: 33 | CB9: 41 | CC9: 33 | CD9: 41 | CE9: 33 | CF9: 41 | CG9: 33 | CH9: 41 | CI9: 33 | CJ9: 41 | CK9: 33 | CL9: 41 | CM9: 33 | CN9: 41 | CO9: 33 | CP9: 41 | CQ9: 33 | CR9: 41 | CS9: 33 | CT9: 41 | CU9: 33 | CV9: 41 | CW9: 33 | CX9: 41 | CY9: 33 | CZ9: 41 | DA9: 33 | DB9: 41 | DC9: 33 | DD9: 41 | DE9: 33 | DF9: 41 | DH9: =IF( $C9="Production", IF(MOD(COLUMN(),2)=$DH$3,SUM(E9:F9)-SUM(BF9:BG9),0), F9-BG9) -> 0 | DI9: =IF( $C9="Production", IF(MOD(COLUMN(),2)=$DH$3,SUM(F9:G9)-SUM(BG9:BH9),0), G9-BH9) -> 0 | DJ9: =IF( $C9="Production", IF(MOD(COLUMN(),2)=$DH$3,SUM(G9:H9)-SUM(BH9:BI9),0), H9-BI9) -> 0 | DK9: =IF( $C9="Production", IF(MOD(COLUMN(),2)=$DH$3,SUM(H9:I9)-SUM(BI9:BJ9),0), I9-BJ9) -> 0 | DL9: =IF( $C9="Production", IF(MOD(COLUMN(),2)=$DH$3,SUM(I9:J9)-SUM(BJ9:BK9),0), J9-BK9) -> 0 | DM9: =IF( $C9="Production", IF(MOD(COLUMN(),2)=$DH$3,SUM(J9:K9)-SUM(BK9:BL9),0), K9-BL9) -> 0 | DN9: =IF( $C9="Production", IF(MOD(COLUMN(),2)=$DH$3,SUM(K9:L9)-SUM(BL9:BM9),0), L9-BM9) -> 0 | DO9: =IF( $C9="Production", IF(MOD(COLUMN(),2)=$DH$3,SUM(L9:M9)-SUM(BM9:BN9),0), M9-BN9) -> -0.75 | ... FG9: =IF( $C9="Production", IF(MOD(COLUMN(),2)=$DH$3,SUM(BD9:BE9)-SUM(DE9:DF9),0), BE9-DF9) -> 0 | FH9: =SUM(DH9:FG9) -> 7.25 | FJ9: {=IF($C9="Production", IFERROR(_xlfn.IFS(AND(DH9>0,DH9+SUM(BF9:BG9)<=$FM$3),DH9,AND(DH9>0,DH9+SUM(BF9:BG9)>$FM$3),$FM$3-SUM(BF9:BG9)),0), IFERROR(_xlfn.IFS(AND(DH9>0,DH9+BG9<=$FK$3),DH9,AND(DH9>0,DH9+BG9>$FK$3),0),0) )} -> 0 | FK9: {=IF($C9="Production", IFERROR(_xlfn.IFS(AND(DI9>0,DI9+SUM(BG9:BH9)<=$FM$3),DI9,AND(DI9>0,DI9+SUM(BG9:BH9)>$FM$3),$FM$3-SUM(BG9:BH9)),0), IFERROR(_xlfn.IFS(AND(DI9>0,DI9+BH9<=$FK$3),DI9,AND(DI9>0,DI9+BH9>$FK$3),0),0) )} -> 0 | FL9: {=IF($C9="Production", IFERROR(_xlfn.IFS(AND(DJ9>0,DJ9+SUM(BH9:BI9)<=$FM$3),DJ9,AND(DJ9>0,DJ9+SUM(BH9:BI9)>$FM$3),$FM$3-SUM(BH9:BI9)),0), IFERROR(_xlfn.IFS(AND(DJ9>0,DJ9+BI9<=$FK$3),DJ9,AND(DJ9>0,DJ9+BI9>$FK$3),0),0) )} -> 0 | FM9: {=IF($C9="Production", IFERROR(_xlfn.IFS(AND(DK9>0,DK9+SUM(BI9:BJ9)<=$FM$3),DK9,AND(DK9>0,DK9+SUM(BI9:BJ9)>$FM$3),$FM$3-SUM(BI9:BJ9)),0), IFERROR(_xlfn.IFS(AND(DK9>0,DK9+BJ9<=$FK$3),DK9,AND(DK9>0,DK9+BJ9>$FK$3),0),0) )} -> 0 | FN9: {=IF($C9="Production", IFERROR(_xlfn.IFS(AND(DL9>0,DL9+SUM(BJ9:BK9)<=$FM$3),DL9,AND(DL9>0,DL9+SUM(BJ9:BK9)>$FM$3),$FM$3-SUM(BJ9:BK9)),0), IFERROR(_xlfn.IFS(AND(DL9>0,DL9+BK9<=$FK$3),DL9,AND(DL9>0,DL9+BK9>$FK$3),0),0) )} -> 0 | FO9: {=IF($C9="Production", IFERROR(_xlfn.IFS(AND(DM9>0,DM9+SUM(BK9:BL9)<=$FM$3),DM9,AND(DM9>0,DM9+SUM(BK9:BL9)>$FM$3),$FM$3-SUM(BK9:BL9)),0), IFERROR(_xlfn.IFS(AND(DM9>0,DM9+BL9<=$FK$3),DM9,AND(DM9>0,DM9+BL9>$FK$3),0),0) )} -> 0 | FP9: {=IF($C9="Production", IFERROR(_xlfn.IFS(AND(DN9>0,DN9+SUM(BL9:BM9)<=$FM$3),DN9,AND(DN9>0,DN9+SUM(BL9:BM9)>$FM$3),$FM$3-SUM(BL9:BM9)),0), IFERROR(_xlfn.IFS(AND(DN9>0,DN9+BM9<=$FK$3),DN9,AND(DN9>0,DN9+BM9>$FK$3),0),0) )} -> 0 | FQ9: {=IF($C9="Production", IFERROR(_xlfn.IFS(AND(DO9>0,DO9+SUM(BM9:BN9)<=$FM$3),DO9,AND(DO9>0,DO9+SUM(BM9:BN9)>$FM$3),$FM$3-SUM(BM9:BN9)),0), IFERROR(_xlfn.IFS(AND(DO9>0,DO9+BN9<=$FK$3),DO9,AND(DO9>0,DO9+BN9>$FK$3),0),0) )} -> 0 | ... HI9: {=IF($C9="Production", IFERROR(_xlfn.IFS(AND(FG9>0,FG9+SUM(DE9:DF9)<=$FM$3),FG9,AND(FG9>0,FG9+SUM(DE9:DF9)>$FM$3),$FM$3-SUM(DE9:DF9)),0), IFERROR(_xlfn.IFS(AND(FG9>0,FG9+DF9<=$FK$3),FG9,AND(FG9>0,FG9+DF9>$FK$3),0),0) )} -> 0 | HJ9: =SUM(FJ9:HI9) -> 8 | HL9: =IFERROR(IF(FJ9>0,DH9-FJ9,0),0) -> 0 | HM9: =IFERROR(IF(FK9>0,DI9-FK9,0),0) -> 0 | HN9: =IFERROR(IF(FL9>0,DJ9-FL9,0),0) -> 0 | HO9: =IFERROR(IF(FM9>0,DK9-FM9,0),0) -> 0 | HP9: =IFERROR(IF(FN9>0,DL9-FN9,0),0) -> 0 | HQ9: =IFERROR(IF(FO9>0,DM9-FO9,0),0) -> 0 | HR9: =IFERROR(IF(FP9>0,DN9-FP9,0),0) -> 0 | HS9: =IFERROR(IF(FQ9>0,DO9-FQ9,0),0) -> 0 | ... JK9: =IFERROR(IF(HI9>0,FG9-HI9,0),0) -> 0 | JL9: =SUM(HL9:JK9) -> 0 | JO9: =HJ9 -> 8 | JP9: =JL9 -> 0 | JQ9: =$JO$4*JO9+$JP$4*JP9 -> 10 | JS9: =SUMIFS(DH9:FG9,DH9:FG9,"<0") -> -0.75 | JU9: =JQ9+JS9 -> 9.25
B10: ='MODU 2025'!B13 -> BOUDIER Laure | C10: ='MODU 2025'!C13 -> Production | D10: ='MODU 2025'!D13 -> 37 | F10: ='MODU 2025'!G13 -> 41 | G10: ='MODU 2025'!H13 -> 33 | H10: ='MODU 2025'!I13 -> 41 | I10: ='MODU 2025'!J13 -> 33 | J10: ='MODU 2025'!K13 -> 41 | K10: ='MODU 2025'!L13 -> 40.75 | L10: ='MODU 2025'!M13 -> 41.25 | M10: ='MODU 2025'!N13 -> 33 | ... BE10: ='MODU 2025'!BF13 -> 33 | BG10: 41 | BH10: 33 | BI10: 41 | BJ10: 33 | BK10: 41 | BL10: 33 | BM10: 41 | BN10: 33 | BO10: 41 | BP10: 33 | BQ10: 41 | BR10: 33 | BS10: 41 | BT10: 33 | BU10: 41 | BV10: 33 | BW10: 41 | BX10: 33 | BY10: 41 | BZ10: 33 | CA10: 41 | CB10: 33 | CC10: 41 | CD10: 33 | CE10: 41 | CF10: 33 | CG10: 41 | CH10: 33 | CI10: 41 | CJ10: 33 | CK10: 41 | CL10: 33 | CM10: 41 | CN10: 33 | CO10: 41 | CP10: 33 | CQ10: 41 | CR10: 33 | CS10: 41 | CT10: 33 | CU10: 41 | CV10: 33 | CW10: 41 | CX10: 33 | CY10: 41 | CZ10: 33 | DA10: 41 | DB10: 33 | DC10: 41 | DD10: 33 | DE10: 41 | DF10: 33 | DH10: =IF( $C10="Production", IF(MOD(COLUMN(),2)=$DH$3,SUM(E10:F10)-SUM(BF10:BG10),0), F10-BG10) -> 0 | DI10: =IF( $C10="Production", IF(MOD(COLUMN(),2)=$DH$3,SUM(F10:G10)-SUM(BG10:BH10),0), G10-BH10) -> 0 | DJ10: =IF( $C10="Production", IF(MOD(COLUMN(),2)=$DH$3,SUM(G10:H10)-SUM(BH10:BI10),0), H10-BI10) -> 0 | DK10: =IF( $C10="Production", IF(MOD(COLUMN(),2)=$DH$3,SUM(H10:I10)-SUM(BI10:BJ10),0), I10-BJ10) -> 0 | DL10: =IF( $C10="Production", IF(MOD(COLUMN(),2)=$DH$3,SUM(I10:J10)-SUM(BJ10:BK10),0), J10-BK10) -> 0 | DM10: =IF( $C10="Production", IF(MOD(COLUMN(),2)=$DH$3,SUM(J10:K10)-SUM(BK10:BL10),0), K10-BL10) -> 7.75 | DN10: =IF( $C10="Production", IF(MOD(COLUMN(),2)=$DH$3,SUM(K10:L10)-SUM(BL10:BM10),0), L10-BM10) -> 0 | DO10: =IF( $C10="Production", IF(MOD(COLUMN(),2)=$DH$3,SUM(L10:M10)-SUM(BM10:BN10),0), M10-BN10) -> 0.25 | ... FG10: =IF( $C10="Production", IF(MOD(COLUMN(),2)=$DH$3,SUM(BD10:BE10)-SUM(DE10:DF10),0), BE10-DF10) -> 0 | FH10: =SUM(DH10:FG10) -> 8 | FJ10: {=IF($C10="Production", IFERROR(_xlfn.IFS(AND(DH10>0,DH10+SUM(BF10:BG10)<=$FM$3),DH10,AND(DH10>0,DH10+SUM(BF10:BG10)>$FM$3),$FM$3-SUM(BF10:BG10)),0), IFERROR(_xlfn.IFS(AND(DH10>0,DH10+BG10<=$FK$3),DH10,AND(DH10>0,DH10+BG10>$FK$3),0),0) )} -> 0 | FK10: {=IF($C10="Production", IFERROR(_xlfn.IFS(AND(DI10>0,DI10+SUM(BG10:BH10)<=$FM$3),DI10,AND(DI10>0,DI10+SUM(BG10:BH10)>$FM$3),$FM$3-SUM(BG10:BH10)),0), IFERROR(_xlfn.IFS(AND(DI10>0,DI10+BH10<=$FK$3),DI10,AND(DI10>0,DI10+BH10>$FK$3),0),0) )} -> 0 | FL10: {=IF($C10="Production", IFERROR(_xlfn.IFS(AND(DJ10>0,DJ10+SUM(BH10:BI10)<=$FM$3),DJ10,AND(DJ10>0,DJ10+SUM(BH10:BI10)>$FM$3),$FM$3-SUM(BH10:BI10)),0), IFERROR(_xlfn.IFS(AND(DJ10>0,DJ10+BI10<=$FK$3),DJ10,AND(DJ10>0,DJ10+BI10>$FK$3),0),0) )} -> 0 | FM10: {=IF($C10="Production", IFERROR(_xlfn.IFS(AND(DK10>0,DK10+SUM(BI10:BJ10)<=$FM$3),DK10,AND(DK10>0,DK10+SUM(BI10:BJ10)>$FM$3),$FM$3-SUM(BI10:BJ10)),0), IFERROR(_xlfn.IFS(AND(DK10>0,DK10+BJ10<=$FK$3),DK10,AND(DK10>0,DK10+BJ10>$FK$3),0),0) )} -> 0 | FN10: {=IF($C10="Production", IFERROR(_xlfn.IFS(AND(DL10>0,DL10+SUM(BJ10:BK10)<=$FM$3),DL10,AND(DL10>0,DL10+SUM(BJ10:BK10)>$FM$3),$FM$3-SUM(BJ10:BK10)),0), IFERROR(_xlfn.IFS(AND(DL10>0,DL10+BK10<=$FK$3),DL10,AND(DL10>0,DL10+BK10>$FK$3),0),0) )} -> 0 | FO10: {=IF($C10="Production", IFERROR(_xlfn.IFS(AND(DM10>0,DM10+SUM(BK10:BL10)<=$FM$3),DM10,AND(DM10>0,DM10+SUM(BK10:BL10)>$FM$3),$FM$3-SUM(BK10:BL10)),0), IFERROR(_xlfn.IFS(AND(DM10>0,DM10+BL10<=$FK$3),DM10,AND(DM10>0,DM10+BL10>$FK$3),0),0) )} -> 7.75 | FP10: {=IF($C10="Production", IFERROR(_xlfn.IFS(AND(DN10>0,DN10+SUM(BL10:BM10)<=$FM$3),DN10,AND(DN10>0,DN10+SUM(BL10:BM10)>$FM$3),$FM$3-SUM(BL10:BM10)),0), IFERROR(_xlfn.IFS(AND(DN10>0,DN10+BM10<=$FK$3),DN10,AND(DN10>0,DN10+BM10>$FK$3),0),0) )} -> 0 | FQ10: {=IF($C10="Production", IFERROR(_xlfn.IFS(AND(DO10>0,DO10+SUM(BM10:BN10)<=$FM$3),DO10,AND(DO10>0,DO10+SUM(BM10:BN10)>$FM$3),$FM$3-SUM(BM10:BN10)),0), IFERROR(_xlfn.IFS(AND(DO10>0,DO10+BN10<=$FK$3),DO10,AND(DO10>0,DO10+BN10>$FK$3),0),0) )} -> 0.25 | ... HI10: {=IF($C10="Production", IFERROR(_xlfn.IFS(AND(FG10>0,FG10+SUM(DE10:DF10)<=$FM$3),FG10,AND(FG10>0,FG10+SUM(DE10:DF10)>$FM$3),$FM$3-SUM(DE10:DF10)),0), IFERROR(_xlfn.IFS(AND(FG10>0,FG10+DF10<=$FK$3),FG10,AND(FG10>0,FG10+DF10>$FK$3),0),0) )} -> 0 | HJ10: =SUM(FJ10:HI10) -> 8 | HL10: =IFERROR(IF(FJ10>0,DH10-FJ10,0),0) -> 0 | HM10: =IFERROR(IF(FK10>0,DI10-FK10,0),0) -> 0 | HN10: =IFERROR(IF(FL10>0,DJ10-FL10,0),0) -> 0 | HO10: =IFERROR(IF(FM10>0,DK10-FM10,0),0) -> 0 | HP10: =IFERROR(IF(FN10>0,DL10-FN10,0),0) -> 0 | HQ10: =IFERROR(IF(FO10>0,DM10-FO10,0),0) -> 0 | HR10: =IFERROR(IF(FP10>0,DN10-FP10,0),0) -> 0 | HS10: =IFERROR(IF(FQ10>0,DO10-FQ10,0),0) -> 0 | ... JK10: =IFERROR(IF(HI10>0,FG10-HI10,0),0) -> 0 | JL10: =SUM(HL10:JK10) -> 0 | JO10: =HJ10 -> 8 | JP10: =JL10 -> 0 | JQ10: =$JO$4*JO10+$JP$4*JP10 -> 10 | JS10: =SUMIFS(DH10:FG10,DH10:FG10,"<0") -> 0 | JU10: =JQ10+JS10 -> 10
B11: ='MODU 2025'!B14 -> BOUILLET Dominique | C11: ='MODU 2025'!C14 -> Production | D11: ='MODU 2025'!D14 -> 37 | F11: ='MODU 2025'!G14 -> 33 | G11: ='MODU 2025'!H14 -> 36.75 | H11: ='MODU 2025'!I14 -> 33 | I11: ='MODU 2025'!J14 -> 41.25 | J11: ='MODU 2025'!K14 -> 40.75 | K11: ='MODU 2025'!L14 -> 41.5 | L11: ='MODU 2025'!M14 -> 40.75 | M11: ='MODU 2025'!N14 -> 41.75 | ... BE11: ='MODU 2025'!BF14 -> 41 | BG11: 33 | BH11: 41 | BI11: 33 | BJ11: 41 | BK11: 33 | BL11: 41 | BM11: 33 | BN11: 41 | BO11: 33 | BP11: 41 | BQ11: 33 | BR11: 41 | BS11: 33 | BT11: 41 | BU11: 33 | BV11: 41 | BW11: 33 | BX11: 41 | BY11: 33 | BZ11: 41 | CA11: 33 | CB11: 41 | CC11: 33 | CD11: 41 | CE11: 33 | CF11: 41 | CG11: 33 | CH11: 41 | CI11: 33 | CJ11: 41 | CK11: 33 | CL11: 41 | CM11: 33 | CN11: 41 | CO11: 33 | CP11: 41 | CQ11: 33 | CR11: 41 | CS11: 33 | CT11: 41 | CU11: 33 | CV11: 41 | CW11: 33 | CX11: 41 | CY11: 33 | CZ11: 41 | DA11: 33 | DB11: 41 | DC11: 33 | DD11: 41 | DE11: 33 | DF11: 41 | DH11: =IF( $C11="Production", IF(MOD(COLUMN(),2)=$DH$3,SUM(E11:F11)-SUM(BF11:BG11),0), F11-BG11) -> 0 | DI11: =IF( $C11="Production", IF(MOD(COLUMN(),2)=$DH$3,SUM(F11:G11)-SUM(BG11:BH11),0), G11-BH11) -> -4.25 | DJ11: =IF( $C11="Production", IF(MOD(COLUMN(),2)=$DH$3,SUM(G11:H11)-SUM(BH11:BI11),0), H11-BI11) -> 0 | DK11: =IF( $C11="Production", IF(MOD(COLUMN(),2)=$DH$3,SUM(H11:I11)-SUM(BI11:BJ11),0), I11-BJ11) -> 0.25 | DL11: =IF( $C11="Production", IF(MOD(COLUMN(),2)=$DH$3,SUM(I11:J11)-SUM(BJ11:BK11),0), J11-BK11) -> 0 | DM11: =IF( $C11="Production", IF(MOD(COLUMN(),2)=$DH$3,SUM(J11:K11)-SUM(BK11:BL11),0), K11-BL11) -> 8.25 | DN11: =IF( $C11="Production", IF(MOD(COLUMN(),2)=$DH$3,SUM(K11:L11)-SUM(BL11:BM11),0), L11-BM11) -> 0 | DO11: =IF( $C11="Production", IF(MOD(COLUMN(),2)=$DH$3,SUM(L11:M11)-SUM(BM11:BN11),0), M11-BN11) -> 8.5 | ... FG11: =IF( $C11="Production", IF(MOD(COLUMN(),2)=$DH$3,SUM(BD11:BE11)-SUM(DE11:DF11),0), BE11-DF11) -> 0 | FH11: =SUM(DH11:FG11) -> 20.5 | FJ11: {=IF($C11="Production", IFERROR(_xlfn.IFS(AND(DH11>0,DH11+SUM(BF11:BG11)<=$FM$3),DH11,AND(DH11>0,DH11+SUM(BF11:BG11)>$FM$3),$FM$3-SUM(BF11:BG11)),0), IFERROR(_xlfn.IFS(AND(DH11>0,DH11+BG11<=$FK$3),DH11,AND(DH11>0,DH11+BG11>$FK$3),0),0) )} -> 0 | FK11: {=IF($C11="Production", IFERROR(_xlfn.IFS(AND(DI11>0,DI11+SUM(BG11:BH11)<=$FM$3),DI11,AND(DI11>0,DI11+SUM(BG11:BH11)>$FM$3),$FM$3-SUM(BG11:BH11)),0), IFERROR(_xlfn.IFS(AND(DI11>0,DI11+BH11<=$FK$3),DI11,AND(DI11>0,DI11+BH11>$FK$3),0),0) )} -> 0 | FL11: {=IF($C11="Production", IFERROR(_xlfn.IFS(AND(DJ11>0,DJ11+SUM(BH11:BI11)<=$FM$3),DJ11,AND(DJ11>0,DJ11+SUM(BH11:BI11)>$FM$3),$FM$3-SUM(BH11:BI11)),0), IFERROR(_xlfn.IFS(AND(DJ11>0,DJ11+BI11<=$FK$3),DJ11,AND(DJ11>0,DJ11+BI11>$FK$3),0),0) )} -> 0 | FM11: {=IF($C11="Production", IFERROR(_xlfn.IFS(AND(DK11>0,DK11+SUM(BI11:BJ11)<=$FM$3),DK11,AND(DK11>0,DK11+SUM(BI11:BJ11)>$FM$3),$FM$3-SUM(BI11:BJ11)),0), IFERROR(_xlfn.IFS(AND(DK11>0,DK11+BJ11<=$FK$3),DK11,AND(DK11>0,DK11+BJ11>$FK$3),0),0) )} -> 0.25 | FN11: {=IF($C11="Production", IFERROR(_xlfn.IFS(AND(DL11>0,DL11+SUM(BJ11:BK11)<=$FM$3),DL11,AND(DL11>0,DL11+SUM(BJ11:BK11)>$FM$3),$FM$3-SUM(BJ11:BK11)),0), IFERROR(_xlfn.IFS(AND(DL11>0,DL11+BK11<=$FK$3),DL11,AND(DL11>0,DL11+BK11>$FK$3),0),0) )} -> 0 | FO11: {=IF($C11="Production", IFERROR(_xlfn.IFS(AND(DM11>0,DM11+SUM(BK11:BL11)<=$FM$3),DM11,AND(DM11>0,DM11+SUM(BK11:BL11)>$FM$3),$FM$3-SUM(BK11:BL11)),0), IFERROR(_xlfn.IFS(AND(DM11>0,DM11+BL11<=$FK$3),DM11,AND(DM11>0,DM11+BL11>$FK$3),0),0) )} -> 8.25 | FP11: {=IF($C11="Production", IFERROR(_xlfn.IFS(AND(DN11>0,DN11+SUM(BL11:BM11)<=$FM$3),DN11,AND(DN11>0,DN11+SUM(BL11:BM11)>$FM$3),$FM$3-SUM(BL11:BM11)),0), IFERROR(_xlfn.IFS(AND(DN11>0,DN11+BM11<=$FK$3),DN11,AND(DN11>0,DN11+BM11>$FK$3),0),0) )} -> 0 | FQ11: {=IF($C11="Production", IFERROR(_xlfn.IFS(AND(DO11>0,DO11+SUM(BM11:BN11)<=$FM$3),DO11,AND(DO11>0,DO11+SUM(BM11:BN11)>$FM$3),$FM$3-SUM(BM11:BN11)),0), IFERROR(_xlfn.IFS(AND(DO11>0,DO11+BN11<=$FK$3),DO11,AND(DO11>0,DO11+BN11>$FK$3),0),0) )} -> 8.5 | ... HI11: {=IF($C11="Production", IFERROR(_xlfn.IFS(AND(FG11>0,FG11+SUM(DE11:DF11)<=$FM$3),FG11,AND(FG11>0,FG11+SUM(DE11:DF11)>$FM$3),$FM$3-SUM(DE11:DF11)),0), IFERROR(_xlfn.IFS(AND(FG11>0,FG11+DF11<=$FK$3),FG11,AND(FG11>0,FG11+DF11>$FK$3),0),0) )} -> 0 | HJ11: =SUM(FJ11:HI11) -> 24.75 | HL11: =IFERROR(IF(FJ11>0,DH11-FJ11,0),0) -> 0 | HM11: =IFERROR(IF(FK11>0,DI11-FK11,0),0) -> 0 | HN11: =IFERROR(IF(FL11>0,DJ11-FL11,0),0) -> 0 | HO11: =IFERROR(IF(FM11>0,DK11-FM11,0),0) -> 0 | HP11: =IFERROR(IF(FN11>0,DL11-FN11,0),0) -> 0 | HQ11: =IFERROR(IF(FO11>0,DM11-FO11,0),0) -> 0 | HR11: =IFERROR(IF(FP11>0,DN11-FP11,0),0) -> 0 | HS11: =IFERROR(IF(FQ11>0,DO11-FQ11,0),0) -> 0 | ... JK11: =IFERROR(IF(HI11>0,FG11-HI11,0),0) -> 0 | JL11: =SUM(HL11:JK11) -> 0 | JO11: =HJ11 -> 24.75 | JP11: =JL11 -> 0 | JQ11: =$JO$4*JO11+$JP$4*JP11 -> 30.9375 | JS11: =SUMIFS(DH11:FG11,DH11:FG11,"<0") -> -4.25 | JU11: =JQ11+JS11 -> 26.6875
B12: ='MODU 2025'!B15 -> BUFFY Stéphanie | C12: ='MODU 2025'!C15 -> Production | D12: ='MODU 2025'!D15 -> 37 | F12: ='MODU 2025'!G15 -> 33 | G12: ='MODU 2025'!H15 -> 41 | H12: ='MODU 2025'!I15 -> 33 | I12: ='MODU 2025'!J15 -> 39.5 | J12: ='MODU 2025'!K15 -> 33 | K12: ='MODU 2025'!L15 -> 42 | L12: ='MODU 2025'!M15 -> 33 | M12: ='MODU 2025'!N15 -> 40 | ... BE12: ='MODU 2025'!BF15 -> 41 | BG12: 33 | BH12: 41 | BI12: 33 | BJ12: 41 | BK12: 33 | BL12: 41 | BM12: 33 | BN12: 41 | BO12: 33 | BP12: 41 | BQ12: 33 | BR12: 41 | BS12: 33 | BT12: 41 | BU12: 33 | BV12: 41 | BW12: 33 | BX12: 41 | BY12: 33 | BZ12: 41 | CA12: 33 | CB12: 41 | CC12: 33 | CD12: 41 | CE12: 33 | CF12: 41 | CG12: 33 | CH12: 41 | CI12: 33 | CJ12: 41 | CK12: 33 | CL12: 41 | CM12: 33 | CN12: 41 | CO12: 33 | CP12: 41 | CQ12: 33 | CR12: 41 | CS12: 33 | CT12: 41 | CU12: 33 | CV12: 41 | CW12: 33 | CX12: 41 | CY12: 33 | CZ12: 41 | DA12: 33 | DB12: 41 | DC12: 33 | DD12: 41 | DE12: 33 | DF12: 41 | DH12: =IF( $C12="Production", IF(MOD(COLUMN(),2)=$DH$3,SUM(E12:F12)-SUM(BF12:BG12),0), F12-BG12) -> 0 | DI12: =IF( $C12="Production", IF(MOD(COLUMN(),2)=$DH$3,SUM(F12:G12)-SUM(BG12:BH12),0), G12-BH12) -> 0 | DJ12: =IF( $C12="Production", IF(MOD(COLUMN(),2)=$DH$3,SUM(G12:H12)-SUM(BH12:BI12),0), H12-BI12) -> 0 | DK12: =IF( $C12="Production", IF(MOD(COLUMN(),2)=$DH$3,SUM(H12:I12)-SUM(BI12:BJ12),0), I12-BJ12) -> -1.5 | DL12: =IF( $C12="Production", IF(MOD(COLUMN(),2)=$DH$3,SUM(I12:J12)-SUM(BJ12:BK12),0), J12-BK12) -> 0 | DM12: =IF( $C12="Production", IF(MOD(COLUMN(),2)=$DH$3,SUM(J12:K12)-SUM(BK12:BL12),0), K12-BL12) -> 1 | DN12: =IF( $C12="Production", IF(MOD(COLUMN(),2)=$DH$3,SUM(K12:L12)-SUM(BL12:BM12),0), L12-BM12) -> 0 | DO12: =IF( $C12="Production", IF(MOD(COLUMN(),2)=$DH$3,SUM(L12:M12)-SUM(BM12:BN12),0), M12-BN12) -> -1 | ... FG12: =IF( $C12="Production", IF(MOD(COLUMN(),2)=$DH$3,SUM(BD12:BE12)-SUM(DE12:DF12),0), BE12-DF12) -> 0 | FH12: =SUM(DH12:FG12) -> 6.25 | FJ12: {=IF($C12="Production", IFERROR(_xlfn.IFS(AND(DH12>0,DH12+SUM(BF12:BG12)<=$FM$3),DH12,AND(DH12>0,DH12+SUM(BF12:BG12)>$FM$3),$FM$3-SUM(BF12:BG12)),0), IFERROR(_xlfn.IFS(AND(DH12>0,DH12+BG12<=$FK$3),DH12,AND(DH12>0,DH12+BG12>$FK$3),0),0) )} -> 0 | FK12: {=IF($C12="Production", IFERROR(_xlfn.IFS(AND(DI12>0,DI12+SUM(BG12:BH12)<=$FM$3),DI12,AND(DI12>0,DI12+SUM(BG12:BH12)>$FM$3),$FM$3-SUM(BG12:BH12)),0), IFERROR(_xlfn.IFS(AND(DI12>0,DI12+BH12<=$FK$3),DI12,AND(DI12>0,DI12+BH12>$FK$3),0),0) )} -> 0 | FL12: {=IF($C12="Production", IFERROR(_xlfn.IFS(AND(DJ12>0,DJ12+SUM(BH12:BI12)<=$FM$3),DJ12,AND(DJ12>0,DJ12+SUM(BH12:BI12)>$FM$3),$FM$3-SUM(BH12:BI12)),0), IFERROR(_xlfn.IFS(AND(DJ12>0,DJ12+BI12<=$FK$3),DJ12,AND(DJ12>0,DJ12+BI12>$FK$3),0),0) )} -> 0 | FM12: {=IF($C12="Production", IFERROR(_xlfn.IFS(AND(DK12>0,DK12+SUM(BI12:BJ12)<=$FM$3),DK12,AND(DK12>0,DK12+SUM(BI12:BJ12)>$FM$3),$FM$3-SUM(BI12:BJ12)),0), IFERROR(_xlfn.IFS(AND(DK12>0,DK12+BJ12<=$FK$3),DK12,AND(DK12>0,DK12+BJ12>$FK$3),0),0) )} -> 0 | FN12: {=IF($C12="Production", IFERROR(_xlfn.IFS(AND(DL12>0,DL12+SUM(BJ12:BK12)<=$FM$3),DL12,AND(DL12>0,DL12+SUM(BJ12:BK12)>$FM$3),$FM$3-SUM(BJ12:BK12)),0), IFERROR(_xlfn.IFS(AND(DL12>0,DL12+BK12<=$FK$3),DL12,AND(DL12>0,DL12+BK12>$FK$3),0),0) )} -> 0 | FO12: {=IF($C12="Production", IFERROR(_xlfn.IFS(AND(DM12>0,DM12+SUM(BK12:BL12)<=$FM$3),DM12,AND(DM12>0,DM12+SUM(BK12:BL12)>$FM$3),$FM$3-SUM(BK12:BL12)),0), IFERROR(_xlfn.IFS(AND(DM12>0,DM12+BL12<=$FK$3),DM12,AND(DM12>0,DM12+BL12>$FK$3),0),0) )} -> 1 | FP12: {=IF($C12="Production", IFERROR(_xlfn.IFS(AND(DN12>0,DN12+SUM(BL12:BM12)<=$FM$3),DN12,AND(DN12>0,DN12+SUM(BL12:BM12)>$FM$3),$FM$3-SUM(BL12:BM12)),0), IFERROR(_xlfn.IFS(AND(DN12>0,DN12+BM12<=$FK$3),DN12,AND(DN12>0,DN12+BM12>$FK$3),0),0) )} -> 0 | FQ12: {=IF($C12="Production", IFERROR(_xlfn.IFS(AND(DO12>0,DO12+SUM(BM12:BN12)<=$FM$3),DO12,AND(DO12>0,DO12+SUM(BM12:BN12)>$FM$3),$FM$3-SUM(BM12:BN12)),0), IFERROR(_xlfn.IFS(AND(DO12>0,DO12+BN12<=$FK$3),DO12,AND(DO12>0,DO12+BN12>$FK$3),0),0) )} -> 0 | ... HI12: {=IF($C12="Production", IFERROR(_xlfn.IFS(AND(FG12>0,FG12+SUM(DE12:DF12)<=$FM$3),FG12,AND(FG12>0,FG12+SUM(DE12:DF12)>$FM$3),$FM$3-SUM(DE12:DF12)),0), IFERROR(_xlfn.IFS(AND(FG12>0,FG12+DF12<=$FK$3),FG12,AND(FG12>0,FG12+DF12>$FK$3),0),0) )} -> 0 | HJ12: =SUM(FJ12:HI12) -> 8.75 | HL12: =IFERROR(IF(FJ12>0,DH12-FJ12,0),0) -> 0 | HM12: =IFERROR(IF(FK12>0,DI12-FK12,0),0) -> 0 | HN12: =IFERROR(IF(FL12>0,DJ12-FL12,0),0) -> 0 | HO12: =IFERROR(IF(FM12>0,DK12-FM12,0),0) -> 0 | HP12: =IFERROR(IF(FN12>0,DL12-FN12,0),0) -> 0 | HQ12: =IFERROR(IF(FO12>0,DM12-FO12,0),0) -> 0 | HR12: =IFERROR(IF(FP12>0,DN12-FP12,0),0) -> 0 | HS12: =IFERROR(IF(FQ12>0,DO12-FQ12,0),0) -> 0 | ... JK12: =IFERROR(IF(HI12>0,FG12-HI12,0),0) -> 0 | JL12: =SUM(HL12:JK12) -> 0 | JO12: =HJ12 -> 8.75 | JP12: =JL12 -> 0 | JQ12: =$JO$4*JO12+$JP$4*JP12 -> 10.9375 | JS12: =SUMIFS(DH12:FG12,DH12:FG12,"<0") -> -2.5 | JU12: =JQ12+JS12 -> 8.4375
B13: ='MODU 2025'!B16 -> BUISSON Cassandra | C13: ='MODU 2025'!C16 -> Production | D13: 28 | F13: ='MODU 2025'!G16 -> 37 | G13: ='MODU 2025'!H16 -> 41 | H13: ='MODU 2025'!I16 -> 29.25 | I13: ='MODU 2025'!J16 -> 41 | J13: ='MODU 2025'!K16 -> 33 | K13: ='MODU 2025'!L16 -> 41 | L13: ='MODU 2025'!M16 -> 33 | M13: ='MODU 2025'!N16 -> 41.25 | ... BE13: ='MODU 2025'!BF16 -> 36 | BG13: 33 | BH13: 41 | BI13: 33 | BJ13: 41 | BK13: 33 | BL13: 41 | BM13: 33 | BN13: 41 | BO13: 20 | BP13: 36 | BQ13: 20 | BR13: 36 | BS13: 20 | BT13: 36 | BU13: 20 | BV13: 36 | BW13: 20 | BX13: 36 | BY13: 20 | BZ13: 36 | CA13: 20 | CB13: 36 | CC13: 20 | CD13: 36 | CE13: 20 | CF13: 36 | CG13: 20 | CH13: 36 | CI13: 20 | CJ13: 36 | CK13: 20 | CL13: 36 | CM13: 20 | CN13: 36 | CO13: 20 | CP13: 36 | CQ13: 20 | CR13: 36 | CS13: 20 | CT13: 36 | CU13: 20 | CV13: 36 | CW13: 20 | CX13: 36 | CY13: 20 | CZ13: 36 | DA13: 20 | DB13: 36 | DC13: 20 | DD13: 36 | DE13: 20 | DF13: 36 | DH13: =IF( $C13="Production", IF(MOD(COLUMN(),2)=$DH$3,SUM(E13:F13)-SUM(BF13:BG13),0), F13-BG13) -> 0 | DI13: =IF( $C13="Production", IF(MOD(COLUMN(),2)=$DH$3,SUM(F13:G13)-SUM(BG13:BH13),0), G13-BH13) -> 4 | DJ13: =IF( $C13="Production", IF(MOD(COLUMN(),2)=$DH$3,SUM(G13:H13)-SUM(BH13:BI13),0), H13-BI13) -> 0 | DK13: =IF( $C13="Production", IF(MOD(COLUMN(),2)=$DH$3,SUM(H13:I13)-SUM(BI13:BJ13),0), I13-BJ13) -> -3.75 | DL13: =IF( $C13="Production", IF(MOD(COLUMN(),2)=$DH$3,SUM(I13:J13)-SUM(BJ13:BK13),0), J13-BK13) -> 0 | DM13: =IF( $C13="Production", IF(MOD(COLUMN(),2)=$DH$3,SUM(J13:K13)-SUM(BK13:BL13),0), K13-BL13) -> 0 | DN13: =IF( $C13="Production", IF(MOD(COLUMN(),2)=$DH$3,SUM(K13:L13)-SUM(BL13:BM13),0), L13-BM13) -> 0 | DO13: =IF( $C13="Production", IF(MOD(COLUMN(),2)=$DH$3,SUM(L13:M13)-SUM(BM13:BN13),0), M13-BN13) -> 0.25 | ... FG13: =IF( $C13="Production", IF(MOD(COLUMN(),2)=$DH$3,SUM(BD13:BE13)-SUM(DE13:DF13),0), BE13-DF13) -> 0 | FH13: =SUM(DH13:FG13) -> 0.5 | FJ13: {=IF($C13="Production", IFERROR(_xlfn.IFS(AND(DH13>0,DH13+SUM(BF13:BG13)<=$FM$3),DH13,AND(DH13>0,DH13+SUM(BF13:BG13)>$FM$3),$FM$3-SUM(BF13:BG13)),0), IFERROR(_xlfn.IFS(AND(DH13>0,DH13+BG13<=$FK$3),DH13,AND(DH13>0,DH13+BG13>$FK$3),0),0) )} -> 0 | FK13: {=IF($C13="Production", IFERROR(_xlfn.IFS(AND(DI13>0,DI13+SUM(BG13:BH13)<=$FM$3),DI13,AND(DI13>0,DI13+SUM(BG13:BH13)>$FM$3),$FM$3-SUM(BG13:BH13)),0), IFERROR(_xlfn.IFS(AND(DI13>0,DI13+BH13<=$FK$3),DI13,AND(DI13>0,DI13+BH13>$FK$3),0),0) )} -> 4 | FL13: {=IF($C13="Production", IFERROR(_xlfn.IFS(AND(DJ13>0,DJ13+SUM(BH13:BI13)<=$FM$3),DJ13,AND(DJ13>0,DJ13+SUM(BH13:BI13)>$FM$3),$FM$3-SUM(BH13:BI13)),0), IFERROR(_xlfn.IFS(AND(DJ13>0,DJ13+BI13<=$FK$3),DJ13,AND(DJ13>0,DJ13+BI13>$FK$3),0),0) )} -> 0 | FM13: {=IF($C13="Production", IFERROR(_xlfn.IFS(AND(DK13>0,DK13+SUM(BI13:BJ13)<=$FM$3),DK13,AND(DK13>0,DK13+SUM(BI13:BJ13)>$FM$3),$FM$3-SUM(BI13:BJ13)),0), IFERROR(_xlfn.IFS(AND(DK13>0,DK13+BJ13<=$FK$3),DK13,AND(DK13>0,DK13+BJ13>$FK$3),0),0) )} -> 0 | FN13: {=IF($C13="Production", IFERROR(_xlfn.IFS(AND(DL13>0,DL13+SUM(BJ13:BK13)<=$FM$3),DL13,AND(DL13>0,DL13+SUM(BJ13:BK13)>$FM$3),$FM$3-SUM(BJ13:BK13)),0), IFERROR(_xlfn.IFS(AND(DL13>0,DL13+BK13<=$FK$3),DL13,AND(DL13>0,DL13+BK13>$FK$3),0),0) )} -> 0 | FO13: {=IF($C13="Production", IFERROR(_xlfn.IFS(AND(DM13>0,DM13+SUM(BK13:BL13)<=$FM$3),DM13,AND(DM13>0,DM13+SUM(BK13:BL13)>$FM$3),$FM$3-SUM(BK13:BL13)),0), IFERROR(_xlfn.IFS(AND(DM13>0,DM13+BL13<=$FK$3),DM13,AND(DM13>0,DM13+BL13>$FK$3),0),0) )} -> 0 | FP13: {=IF($C13="Production", IFERROR(_xlfn.IFS(AND(DN13>0,DN13+SUM(BL13:BM13)<=$FM$3),DN13,AND(DN13>0,DN13+SUM(BL13:BM13)>$FM$3),$FM$3-SUM(BL13:BM13)),0), IFERROR(_xlfn.IFS(AND(DN13>0,DN13+BM13<=$FK$3),DN13,AND(DN13>0,DN13+BM13>$FK$3),0),0) )} -> 0 | FQ13: {=IF($C13="Production", IFERROR(_xlfn.IFS(AND(DO13>0,DO13+SUM(BM13:BN13)<=$FM$3),DO13,AND(DO13>0,DO13+SUM(BM13:BN13)>$FM$3),$FM$3-SUM(BM13:BN13)),0), IFERROR(_xlfn.IFS(AND(DO13>0,DO13+BN13<=$FK$3),DO13,AND(DO13>0,DO13+BN13>$FK$3),0),0) )} -> 0.25 | ... HI13: {=IF($C13="Production", IFERROR(_xlfn.IFS(AND(FG13>0,FG13+SUM(DE13:DF13)<=$FM$3),FG13,AND(FG13>0,FG13+SUM(DE13:DF13)>$FM$3),$FM$3-SUM(DE13:DF13)),0), IFERROR(_xlfn.IFS(AND(FG13>0,FG13+DF13<=$FK$3),FG13,AND(FG13>0,FG13+DF13>$FK$3),0),0) )} -> 0 | HJ13: =SUM(FJ13:HI13) -> 4.25 | HL13: =IFERROR(IF(FJ13>0,DH13-FJ13,0),0) -> 0 | HM13: =IFERROR(IF(FK13>0,DI13-FK13,0),0) -> 0 | HN13: =IFERROR(IF(FL13>0,DJ13-FL13,0),0) -> 0 | HO13: =IFERROR(IF(FM13>0,DK13-FM13,0),0) -> 0 | HP13: =IFERROR(IF(FN13>0,DL13-FN13,0),0) -> 0 | HQ13: =IFERROR(IF(FO13>0,DM13-FO13,0),0) -> 0 | HR13: =IFERROR(IF(FP13>0,DN13-FP13,0),0) -> 0 | HS13: =IFERROR(IF(FQ13>0,DO13-FQ13,0),0) -> 0 | ... JK13: =IFERROR(IF(HI13>0,FG13-HI13,0),0) -> 0 | JL13: =SUM(HL13:JK13) -> 0 | JO13: =HJ13 -> 4.25 | JP13: =JL13 -> 0 | JQ13: =$JO$4*JO13+$JP$4*JP13 -> 5.3125 | JS13: =SUMIFS(DH13:FG13,DH13:FG13,"<0") -> -3.75 | JU13: =JQ13+JS13 -> 1.5625
B14: ='MODU 2025'!B17 -> CANU Jason | C14: ='MODU 2025'!C17 -> Production | D14: ='MODU 2025'!D17 -> 37 | F14: ='MODU 2025'!G17 -> 33 | G14: ='MODU 2025'!H17 -> 41 | H14: ='MODU 2025'!I17 -> 33 | I14: ='MODU 2025'!J17 -> 41 | J14: ='MODU 2025'!K17 -> 33 | K14: ='MODU 2025'!L17 -> 32.75 | L14: ='MODU 2025'!M17 -> 37.5 | M14: ='MODU 2025'!N17 -> 41 | ... BE14: ='MODU 2025'!BF17 -> 41 | BG14: 33 | BH14: 41 | BI14: 33 | BJ14: 41 | BK14: 33 | BL14: 41 | BM14: 33 | BN14: 41 | BO14: 33 | BP14: 41 | BQ14: 33 | BR14: 41 | BS14: 33 | BT14: 41 | BU14: 33 | BV14: 41 | BW14: 33 | BX14: 41 | BY14: 33 | BZ14: 41 | CA14: 33 | CB14: 41 | CC14: 33 | CD14: 41 | CE14: 33 | CF14: 41 | CG14: 33 | CH14: 41 | CI14: 33 | CJ14: 41 | CK14: 33 | CL14: 41 | CM14: 33 | CN14: 41 | CO14: 33 | CP14: 41 | CQ14: 33 | CR14: 41 | CS14: 33 | CT14: 41 | CU14: 33 | CV14: 41 | CW14: 33 | CX14: 41 | CY14: 33 | CZ14: 41 | DA14: 33 | DB14: 41 | DC14: 33 | DD14: 41 | DE14: 33 | DF14: 41 | DH14: =IF( $C14="Production", IF(MOD(COLUMN(),2)=$DH$3,SUM(E14:F14)-SUM(BF14:BG14),0), F14-BG14) -> 0 | DI14: =IF( $C14="Production", IF(MOD(COLUMN(),2)=$DH$3,SUM(F14:G14)-SUM(BG14:BH14),0), G14-BH14) -> 0 | DJ14: =IF( $C14="Production", IF(MOD(COLUMN(),2)=$DH$3,SUM(G14:H14)-SUM(BH14:BI14),0), H14-BI14) -> 0 | DK14: =IF( $C14="Production", IF(MOD(COLUMN(),2)=$DH$3,SUM(H14:I14)-SUM(BI14:BJ14),0), I14-BJ14) -> 0 | DL14: =IF( $C14="Production", IF(MOD(COLUMN(),2)=$DH$3,SUM(I14:J14)-SUM(BJ14:BK14),0), J14-BK14) -> 0 | DM14: =IF( $C14="Production", IF(MOD(COLUMN(),2)=$DH$3,SUM(J14:K14)-SUM(BK14:BL14),0), K14-BL14) -> -8.25 | DN14: =IF( $C14="Production", IF(MOD(COLUMN(),2)=$DH$3,SUM(K14:L14)-SUM(BL14:BM14),0), L14-BM14) -> 0 | DO14: =IF( $C14="Production", IF(MOD(COLUMN(),2)=$DH$3,SUM(L14:M14)-SUM(BM14:BN14),0), M14-BN14) -> 4.5 | ... FG14: =IF( $C14="Production", IF(MOD(COLUMN(),2)=$DH$3,SUM(BD14:BE14)-SUM(DE14:DF14),0), BE14-DF14) -> 0 | FH14: =SUM(DH14:FG14) -> 1 | FJ14: {=IF($C14="Production", IFERROR(_xlfn.IFS(AND(DH14>0,DH14+SUM(BF14:BG14)<=$FM$3),DH14,AND(DH14>0,DH14+SUM(BF14:BG14)>$FM$3),$FM$3-SUM(BF14:BG14)),0), IFERROR(_xlfn.IFS(AND(DH14>0,DH14+BG14<=$FK$3),DH14,AND(DH14>0,DH14+BG14>$FK$3),0),0) )} -> 0 | FK14: {=IF($C14="Production", IFERROR(_xlfn.IFS(AND(DI14>0,DI14+SUM(BG14:BH14)<=$FM$3),DI14,AND(DI14>0,DI14+SUM(BG14:BH14)>$FM$3),$FM$3-SUM(BG14:BH14)),0), IFERROR(_xlfn.IFS(AND(DI14>0,DI14+BH14<=$FK$3),DI14,AND(DI14>0,DI14+BH14>$FK$3),0),0) )} -> 0 | FL14: {=IF($C14="Production", IFERROR(_xlfn.IFS(AND(DJ14>0,DJ14+SUM(BH14:BI14)<=$FM$3),DJ14,AND(DJ14>0,DJ14+SUM(BH14:BI14)>$FM$3),$FM$3-SUM(BH14:BI14)),0), IFERROR(_xlfn.IFS(AND(DJ14>0,DJ14+BI14<=$FK$3),DJ14,AND(DJ14>0,DJ14+BI14>$FK$3),0),0) )} -> 0 | FM14: {=IF($C14="Production", IFERROR(_xlfn.IFS(AND(DK14>0,DK14+SUM(BI14:BJ14)<=$FM$3),DK14,AND(DK14>0,DK14+SUM(BI14:BJ14)>$FM$3),$FM$3-SUM(BI14:BJ14)),0), IFERROR(_xlfn.IFS(AND(DK14>0,DK14+BJ14<=$FK$3),DK14,AND(DK14>0,DK14+BJ14>$FK$3),0),0) )} -> 0 | FN14: {=IF($C14="Production", IFERROR(_xlfn.IFS(AND(DL14>0,DL14+SUM(BJ14:BK14)<=$FM$3),DL14,AND(DL14>0,DL14+SUM(BJ14:BK14)>$FM$3),$FM$3-SUM(BJ14:BK14)),0), IFERROR(_xlfn.IFS(AND(DL14>0,DL14+BK14<=$FK$3),DL14,AND(DL14>0,DL14+BK14>$FK$3),0),0) )} -> 0 | FO14: {=IF($C14="Production", IFERROR(_xlfn.IFS(AND(DM14>0,DM14+SUM(BK14:BL14)<=$FM$3),DM14,AND(DM14>0,DM14+SUM(BK14:BL14)>$FM$3),$FM$3-SUM(BK14:BL14)),0), IFERROR(_xlfn.IFS(AND(DM14>0,DM14+BL14<=$FK$3),DM14,AND(DM14>0,DM14+BL14>$FK$3),0),0) )} -> 0 | FP14: {=IF($C14="Production", IFERROR(_xlfn.IFS(AND(DN14>0,DN14+SUM(BL14:BM14)<=$FM$3),DN14,AND(DN14>0,DN14+SUM(BL14:BM14)>$FM$3),$FM$3-SUM(BL14:BM14)),0), IFERROR(_xlfn.IFS(AND(DN14>0,DN14+BM14<=$FK$3),DN14,AND(DN14>0,DN14+BM14>$FK$3),0),0) )} -> 0 | FQ14: {=IF($C14="Production", IFERROR(_xlfn.IFS(AND(DO14>0,DO14+SUM(BM14:BN14)<=$FM$3),DO14,AND(DO14>0,DO14+SUM(BM14:BN14)>$FM$3),$FM$3-SUM(BM14:BN14)),0), IFERROR(_xlfn.IFS(AND(DO14>0,DO14+BN14<=$FK$3),DO14,AND(DO14>0,DO14+BN14>$FK$3),0),0) )} -> 4.5 | ... HI14: {=IF($C14="Production", IFERROR(_xlfn.IFS(AND(FG14>0,FG14+SUM(DE14:DF14)<=$FM$3),FG14,AND(FG14>0,FG14+SUM(DE14:DF14)>$FM$3),$FM$3-SUM(DE14:DF14)),0), IFERROR(_xlfn.IFS(AND(FG14>0,FG14+DF14<=$FK$3),FG14,AND(FG14>0,FG14+DF14>$FK$3),0),0) )} -> 0 | HJ14: =SUM(FJ14:HI14) -> 9.25 | HL14: =IFERROR(IF(FJ14>0,DH14-FJ14,0),0) -> 0 | HM14: =IFERROR(IF(FK14>0,DI14-FK14,0),0) -> 0 | HN14: =IFERROR(IF(FL14>0,DJ14-FL14,0),0) -> 0 | HO14: =IFERROR(IF(FM14>0,DK14-FM14,0),0) -> 0 | HP14: =IFERROR(IF(FN14>0,DL14-FN14,0),0) -> 0 | HQ14: =IFERROR(IF(FO14>0,DM14-FO14,0),0) -> 0 | HR14: =IFERROR(IF(FP14>0,DN14-FP14,0),0) -> 0 | HS14: =IFERROR(IF(FQ14>0,DO14-FQ14,0),0) -> 0 | ... JK14: =IFERROR(IF(HI14>0,FG14-HI14,0),0) -> 0 | JL14: =SUM(HL14:JK14) -> 0 | JO14: =HJ14 -> 9.25 | JP14: =JL14 -> 0 | JQ14: =$JO$4*JO14+$JP$4*JP14 -> 11.5625 | JS14: =SUMIFS(DH14:FG14,DH14:FG14,"<0") -> -8.25 | JU14: =JQ14+JS14 -> 3.3125
B15: ='MODU 2025'!B18 -> COCHET Mélina | C15: ='MODU 2025'!C18 -> Logistique | D15: ='MODU 2025'!D18 -> 39 | F15: ='MODU 2025'!G18 -> 40 | G15: ='MODU 2025'!H18 -> 40 | H15: ='MODU 2025'!I18 -> 40.5 | I15: ='MODU 2025'!J18 -> 39.5 | J15: ='MODU 2025'!K18 -> 39.5 | K15: ='MODU 2025'!L18 -> 39.25 | L15: ='MODU 2025'!M18 -> 41.75 | M15: ='MODU 2025'!N18 -> 40 | ... BE15: ='MODU 2025'!BF18 -> 39 | BG15: 39 | BH15: 39 | BI15: 39 | BJ15: 39 | BK15: 39 | BL15: 39 | BM15: 39 | BN15: 39 | BO15: 39 | BP15: 39 | BQ15: 39 | BR15: 39 | BS15: 39 | BT15: 39 | BU15: 39 | BV15: 39 | BW15: 39 | BX15: 39 | BY15: 39 | BZ15: 39 | CA15: 39 | CB15: 39 | CC15: 39 | CD15: 39 | CE15: 39 | CF15: 39 | CG15: 39 | CH15: 39 | CI15: 39 | CJ15: 39 | CK15: 39 | CL15: 39 | CM15: 39 | CN15: 39 | CO15: 39 | CP15: 39 | CQ15: 39 | CR15: 39 | CS15: 39 | CT15: 39 | CU15: 39 | CV15: 39 | CW15: 39 | CX15: 39 | CY15: 39 | CZ15: 39 | DA15: 39 | DB15: 39 | DC15: 39 | DD15: 39 | DE15: 39 | DF15: 39 | DH15: =IF( $C15="Production", IF(MOD(COLUMN(),2)=$DH$3,SUM(E15:F15)-SUM(BF15:BG15),0), F15-BG15) -> 1 | DI15: =IF( $C15="Production", IF(MOD(COLUMN(),2)=$DH$3,SUM(F15:G15)-SUM(BG15:BH15),0), G15-BH15) -> 1 | DJ15: =IF( $C15="Production", IF(MOD(COLUMN(),2)=$DH$3,SUM(G15:H15)-SUM(BH15:BI15),0), H15-BI15) -> 1.5 | DK15: =IF( $C15="Production", IF(MOD(COLUMN(),2)=$DH$3,SUM(H15:I15)-SUM(BI15:BJ15),0), I15-BJ15) -> 0.5 | DL15: =IF( $C15="Production", IF(MOD(COLUMN(),2)=$DH$3,SUM(I15:J15)-SUM(BJ15:BK15),0), J15-BK15) -> 0.5 | DM15: =IF( $C15="Production", IF(MOD(COLUMN(),2)=$DH$3,SUM(J15:K15)-SUM(BK15:BL15),0), K15-BL15) -> 0.25 | DN15: =IF( $C15="Production", IF(MOD(COLUMN(),2)=$DH$3,SUM(K15:L15)-SUM(BL15:BM15),0), L15-BM15) -> 2.75 | DO15: =IF( $C15="Production", IF(MOD(COLUMN(),2)=$DH$3,SUM(L15:M15)-SUM(BM15:BN15),0), M15-BN15) -> 1 | ... FG15: =IF( $C15="Production", IF(MOD(COLUMN(),2)=$DH$3,SUM(BD15:BE15)-SUM(DE15:DF15),0), BE15-DF15) -> 0 | FH15: =SUM(DH15:FG15) -> 8.5 | FJ15: {=IF($C15="Production", IFERROR(_xlfn.IFS(AND(DH15>0,DH15+SUM(BF15:BG15)<=$FM$3),DH15,AND(DH15>0,DH15+SUM(BF15:BG15)>$FM$3),$FM$3-SUM(BF15:BG15)),0), IFERROR(_xlfn.IFS(AND(DH15>0,DH15+BG15<=$FK$3),DH15,AND(DH15>0,DH15+BG15>$FK$3),0),0) )} -> 1 | FK15: {=IF($C15="Production", IFERROR(_xlfn.IFS(AND(DI15>0,DI15+SUM(BG15:BH15)<=$FM$3),DI15,AND(DI15>0,DI15+SUM(BG15:BH15)>$FM$3),$FM$3-SUM(BG15:BH15)),0), IFERROR(_xlfn.IFS(AND(DI15>0,DI15+BH15<=$FK$3),DI15,AND(DI15>0,DI15+BH15>$FK$3),0),0) )} -> 1 | FL15: {=IF($C15="Production", IFERROR(_xlfn.IFS(AND(DJ15>0,DJ15+SUM(BH15:BI15)<=$FM$3),DJ15,AND(DJ15>0,DJ15+SUM(BH15:BI15)>$FM$3),$FM$3-SUM(BH15:BI15)),0), IFERROR(_xlfn.IFS(AND(DJ15>0,DJ15+BI15<=$FK$3),DJ15,AND(DJ15>0,DJ15+BI15>$FK$3),0),0) )} -> 1.5 | FM15: {=IF($C15="Production", IFERROR(_xlfn.IFS(AND(DK15>0,DK15+SUM(BI15:BJ15)<=$FM$3),DK15,AND(DK15>0,DK15+SUM(BI15:BJ15)>$FM$3),$FM$3-SUM(BI15:BJ15)),0), IFERROR(_xlfn.IFS(AND(DK15>0,DK15+BJ15<=$FK$3),DK15,AND(DK15>0,DK15+BJ15>$FK$3),0),0) )} -> 0.5 | FN15: {=IF($C15="Production", IFERROR(_xlfn.IFS(AND(DL15>0,DL15+SUM(BJ15:BK15)<=$FM$3),DL15,AND(DL15>0,DL15+SUM(BJ15:BK15)>$FM$3),$FM$3-SUM(BJ15:BK15)),0), IFERROR(_xlfn.IFS(AND(DL15>0,DL15+BK15<=$FK$3),DL15,AND(DL15>0,DL15+BK15>$FK$3),0),0) )} -> 0.5 | FO15: {=IF($C15="Production", IFERROR(_xlfn.IFS(AND(DM15>0,DM15+SUM(BK15:BL15)<=$FM$3),DM15,AND(DM15>0,DM15+SUM(BK15:BL15)>$FM$3),$FM$3-SUM(BK15:BL15)),0), IFERROR(_xlfn.IFS(AND(DM15>0,DM15+BL15<=$FK$3),DM15,AND(DM15>0,DM15+BL15>$FK$3),0),0) )} -> 0.25 | FP15: {=IF($C15="Production", IFERROR(_xlfn.IFS(AND(DN15>0,DN15+SUM(BL15:BM15)<=$FM$3),DN15,AND(DN15>0,DN15+SUM(BL15:BM15)>$FM$3),$FM$3-SUM(BL15:BM15)),0), IFERROR(_xlfn.IFS(AND(DN15>0,DN15+BM15<=$FK$3),DN15,AND(DN15>0,DN15+BM15>$FK$3),0),0) )} -> 2.75 | FQ15: {=IF($C15="Production", IFERROR(_xlfn.IFS(AND(DO15>0,DO15+SUM(BM15:BN15)<=$FM$3),DO15,AND(DO15>0,DO15+SUM(BM15:BN15)>$FM$3),$FM$3-SUM(BM15:BN15)),0), IFERROR(_xlfn.IFS(AND(DO15>0,DO15+BN15<=$FK$3),DO15,AND(DO15>0,DO15+BN15>$FK$3),0),0) )} -> 1 | ... HI15: {=IF($C15="Production", IFERROR(_xlfn.IFS(AND(FG15>0,FG15+SUM(DE15:DF15)<=$FM$3),FG15,AND(FG15>0,FG15+SUM(DE15:DF15)>$FM$3),$FM$3-SUM(DE15:DF15)),0), IFERROR(_xlfn.IFS(AND(FG15>0,FG15+DF15<=$FK$3),FG15,AND(FG15>0,FG15+DF15>$FK$3),0),0) )} -> 0 | HJ15: =SUM(FJ15:HI15) -> 8.5 | HL15: =IFERROR(IF(FJ15>0,DH15-FJ15,0),0) -> 0 | HM15: =IFERROR(IF(FK15>0,DI15-FK15,0),0) -> 0 | HN15: =IFERROR(IF(FL15>0,DJ15-FL15,0),0) -> 0 | HO15: =IFERROR(IF(FM15>0,DK15-FM15,0),0) -> 0 | HP15: =IFERROR(IF(FN15>0,DL15-FN15,0),0) -> 0 | HQ15: =IFERROR(IF(FO15>0,DM15-FO15,0),0) -> 0 | HR15: =IFERROR(IF(FP15>0,DN15-FP15,0),0) -> 0 | HS15: =IFERROR(IF(FQ15>0,DO15-FQ15,0),0) -> 0 | ... JK15: =IFERROR(IF(HI15>0,FG15-HI15,0),0) -> 0 | JL15: =SUM(HL15:JK15) -> 0 | JO15: =HJ15 -> 8.5 | JP15: =JL15 -> 0 | JQ15: =$JO$4*JO15+$JP$4*JP15 -> 10.625 | JS15: =SUMIFS(DH15:FG15,DH15:FG15,"<0") -> 0 | JU15: =JQ15+JS15 -> 10.625
B16: ='MODU 2025'!B19 -> COLLINS Tom | C16: ='MODU 2025'!C19 -> Production | D16: ='MODU 2025'!D19 -> 37 | F16: ='MODU 2025'!G19 -> 33 | G16: ='MODU 2025'!H19 -> 41 | H16: ='MODU 2025'!I19 -> 33 | I16: ='MODU 2025'!J19 -> 40.75 | J16: ='MODU 2025'!K19 -> 33 | K16: ='MODU 2025'!L19 -> 41 | L16: ='MODU 2025'!M19 -> 39 | M16: ='MODU 2025'!N19 -> 39 | ... BE16: ='MODU 2025'!BF19 -> 41 | BG16: 33 | BH16: 41 | BI16: 33 | BJ16: 41 | BK16: 33 | BL16: 41 | BM16: 33 | BN16: 41 | BO16: 33 | BP16: 41 | BQ16: 33 | BR16: 41 | BS16: 33 | BT16: 41 | BU16: 33 | BV16: 41 | BW16: 33 | BX16: 41 | BY16: 33 | BZ16: 41 | CA16: 33 | CB16: 41 | CC16: 33 | CD16: 41 | CE16: 33 | CF16: 41 | CG16: 33 | CH16: 41 | CI16: 33 | CJ16: 41 | CK16: 33 | CL16: 41 | CM16: 33 | CN16: 41 | CO16: 33 | CP16: 41 | CQ16: 33 | CR16: 41 | CS16: 33 | CT16: 41 | CU16: 33 | CV16: 41 | CW16: 33 | CX16: 41 | CY16: 33 | CZ16: 41 | DA16: 33 | DB16: 41 | DC16: 33 | DD16: 41 | DE16: 33 | DF16: 41 | DH16: =IF( $C16="Production", IF(MOD(COLUMN(),2)=$DH$3,SUM(E16:F16)-SUM(BF16:BG16),0), F16-BG16) -> 0 | DI16: =IF( $C16="Production", IF(MOD(COLUMN(),2)=$DH$3,SUM(F16:G16)-SUM(BG16:BH16),0), G16-BH16) -> 0 | DJ16: =IF( $C16="Production", IF(MOD(COLUMN(),2)=$DH$3,SUM(G16:H16)-SUM(BH16:BI16),0), H16-BI16) -> 0 | DK16: =IF( $C16="Production", IF(MOD(COLUMN(),2)=$DH$3,SUM(H16:I16)-SUM(BI16:BJ16),0), I16-BJ16) -> -0.25 | DL16: =IF( $C16="Production", IF(MOD(COLUMN(),2)=$DH$3,SUM(I16:J16)-SUM(BJ16:BK16),0), J16-BK16) -> 0 | DM16: =IF( $C16="Production", IF(MOD(COLUMN(),2)=$DH$3,SUM(J16:K16)-SUM(BK16:BL16),0), K16-BL16) -> 0 | DN16: =IF( $C16="Production", IF(MOD(COLUMN(),2)=$DH$3,SUM(K16:L16)-SUM(BL16:BM16),0), L16-BM16) -> 0 | DO16: =IF( $C16="Production", IF(MOD(COLUMN(),2)=$DH$3,SUM(L16:M16)-SUM(BM16:BN16),0), M16-BN16) -> 4 | ... FG16: =IF( $C16="Production", IF(MOD(COLUMN(),2)=$DH$3,SUM(BD16:BE16)-SUM(DE16:DF16),0), BE16-DF16) -> 0 | FH16: =SUM(DH16:FG16) -> 9.75 | FJ16: {=IF($C16="Production", IFERROR(_xlfn.IFS(AND(DH16>0,DH16+SUM(BF16:BG16)<=$FM$3),DH16,AND(DH16>0,DH16+SUM(BF16:BG16)>$FM$3),$FM$3-SUM(BF16:BG16)),0), IFERROR(_xlfn.IFS(AND(DH16>0,DH16+BG16<=$FK$3),DH16,AND(DH16>0,DH16+BG16>$FK$3),0),0) )} -> 0 | FK16: {=IF($C16="Production", IFERROR(_xlfn.IFS(AND(DI16>0,DI16+SUM(BG16:BH16)<=$FM$3),DI16,AND(DI16>0,DI16+SUM(BG16:BH16)>$FM$3),$FM$3-SUM(BG16:BH16)),0), IFERROR(_xlfn.IFS(AND(DI16>0,DI16+BH16<=$FK$3),DI16,AND(DI16>0,DI16+BH16>$FK$3),0),0) )} -> 0 | FL16: {=IF($C16="Production", IFERROR(_xlfn.IFS(AND(DJ16>0,DJ16+SUM(BH16:BI16)<=$FM$3),DJ16,AND(DJ16>0,DJ16+SUM(BH16:BI16)>$FM$3),$FM$3-SUM(BH16:BI16)),0), IFERROR(_xlfn.IFS(AND(DJ16>0,DJ16+BI16<=$FK$3),DJ16,AND(DJ16>0,DJ16+BI16>$FK$3),0),0) )} -> 0 | FM16: {=IF($C16="Production", IFERROR(_xlfn.IFS(AND(DK16>0,DK16+SUM(BI16:BJ16)<=$FM$3),DK16,AND(DK16>0,DK16+SUM(BI16:BJ16)>$FM$3),$FM$3-SUM(BI16:BJ16)),0), IFERROR(_xlfn.IFS(AND(DK16>0,DK16+BJ16<=$FK$3),DK16,AND(DK16>0,DK16+BJ16>$FK$3),0),0) )} -> 0 | FN16: {=IF($C16="Production", IFERROR(_xlfn.IFS(AND(DL16>0,DL16+SUM(BJ16:BK16)<=$FM$3),DL16,AND(DL16>0,DL16+SUM(BJ16:BK16)>$FM$3),$FM$3-SUM(BJ16:BK16)),0), IFERROR(_xlfn.IFS(AND(DL16>0,DL16+BK16<=$FK$3),DL16,AND(DL16>0,DL16+BK16>$FK$3),0),0) )} -> 0 | FO16: {=IF($C16="Production", IFERROR(_xlfn.IFS(AND(DM16>0,DM16+SUM(BK16:BL16)<=$FM$3),DM16,AND(DM16>0,DM16+SUM(BK16:BL16)>$FM$3),$FM$3-SUM(BK16:BL16)),0), IFERROR(_xlfn.IFS(AND(DM16>0,DM16+BL16<=$FK$3),DM16,AND(DM16>0,DM16+BL16>$FK$3),0),0) )} -> 0 | FP16: {=IF($C16="Production", IFERROR(_xlfn.IFS(AND(DN16>0,DN16+SUM(BL16:BM16)<=$FM$3),DN16,AND(DN16>0,DN16+SUM(BL16:BM16)>$FM$3),$FM$3-SUM(BL16:BM16)),0), IFERROR(_xlfn.IFS(AND(DN16>0,DN16+BM16<=$FK$3),DN16,AND(DN16>0,DN16+BM16>$FK$3),0),0) )} -> 0 | FQ16: {=IF($C16="Production", IFERROR(_xlfn.IFS(AND(DO16>0,DO16+SUM(BM16:BN16)<=$FM$3),DO16,AND(DO16>0,DO16+SUM(BM16:BN16)>$FM$3),$FM$3-SUM(BM16:BN16)),0), IFERROR(_xlfn.IFS(AND(DO16>0,DO16+BN16<=$FK$3),DO16,AND(DO16>0,DO16+BN16>$FK$3),0),0) )} -> 4 | ... HI16: {=IF($C16="Production", IFERROR(_xlfn.IFS(AND(FG16>0,FG16+SUM(DE16:DF16)<=$FM$3),FG16,AND(FG16>0,FG16+SUM(DE16:DF16)>$FM$3),$FM$3-SUM(DE16:DF16)),0), IFERROR(_xlfn.IFS(AND(FG16>0,FG16+DF16<=$FK$3),FG16,AND(FG16>0,FG16+DF16>$FK$3),0),0) )} -> 0 | HJ16: =SUM(FJ16:HI16) -> 10 | HL16: =IFERROR(IF(FJ16>0,DH16-FJ16,0),0) -> 0 | HM16: =IFERROR(IF(FK16>0,DI16-FK16,0),0) -> 0 | HN16: =IFERROR(IF(FL16>0,DJ16-FL16,0),0) -> 0 | HO16: =IFERROR(IF(FM16>0,DK16-FM16,0),0) -> 0 | HP16: =IFERROR(IF(FN16>0,DL16-FN16,0),0) -> 0 | HQ16: =IFERROR(IF(FO16>0,DM16-FO16,0),0) -> 0 | HR16: =IFERROR(IF(FP16>0,DN16-FP16,0),0) -> 0 | HS16: =IFERROR(IF(FQ16>0,DO16-FQ16,0),0) -> 0 | ... JK16: =IFERROR(IF(HI16>0,FG16-HI16,0),0) -> 0 | JL16: =SUM(HL16:JK16) -> 0 | JO16: =HJ16 -> 10 | JP16: =JL16 -> 0 | JQ16: =$JO$4*JO16+$JP$4*JP16 -> 12.5 | JS16: =SUMIFS(DH16:FG16,DH16:FG16,"<0") -> -0.25 | JU16: =JQ16+JS16 -> 12.25
B17: ='MODU 2025'!B20 -> CORTOT Catherine | C17: ='MODU 2025'!C20 -> Production | D17: ='MODU 2025'!D20 -> 37 | F17: ='MODU 2025'!G20 -> 33 | G17: ='MODU 2025'!H20 -> 41 | H17: ='MODU 2025'!I20 -> 33 | I17: ='MODU 2025'!J20 -> 41 | J17: ='MODU 2025'!K20 -> 33 | K17: ='MODU 2025'!L20 -> 41 | L17: ='MODU 2025'!M20 -> 33 | M17: ='MODU 2025'!N20 -> 41 | ... BE17: ='MODU 2025'!BF20 -> 41 | BG17: 33 | BH17: 41 | BI17: 33 | BJ17: 41 | BK17: 33 | BL17: 41 | BM17: 33 | BN17: 41 | BO17: 33 | BP17: 41 | BQ17: 33 | BR17: 41 | BS17: 33 | BT17: 41 | BU17: 33 | BV17: 41 | BW17: 33 | BX17: 41 | BY17: 33 | BZ17: 41 | CA17: 33 | CB17: 41 | CC17: 33 | CD17: 41 | CE17: 33 | CF17: 41 | CG17: 33 | CH17: 41 | CI17: 33 | CJ17: 41 | CK17: 33 | CL17: 41 | CM17: 33 | CN17: 41 | CO17: 33 | CP17: 41 | CQ17: 33 | CR17: 41 | CS17: 33 | CT17: 41 | CU17: 33 | CV17: 41 | CW17: 33 | CX17: 41 | CY17: 33 | CZ17: 41 | DA17: 33 | DB17: 41 | DC17: 33 | DD17: 41 | DE17: 33 | DF17: 41 | DH17: =IF( $C17="Production", IF(MOD(COLUMN(),2)=$DH$3,SUM(E17:F17)-SUM(BF17:BG17),0), F17-BG17) -> 0 | DI17: =IF( $C17="Production", IF(MOD(COLUMN(),2)=$DH$3,SUM(F17:G17)-SUM(BG17:BH17),0), G17-BH17) -> 0 | DJ17: =IF( $C17="Production", IF(MOD(COLUMN(),2)=$DH$3,SUM(G17:H17)-SUM(BH17:BI17),0), H17-BI17) -> 0 | DK17: =IF( $C17="Production", IF(MOD(COLUMN(),2)=$DH$3,SUM(H17:I17)-SUM(BI17:BJ17),0), I17-BJ17) -> 0 | DL17: =IF( $C17="Production", IF(MOD(COLUMN(),2)=$DH$3,SUM(I17:J17)-SUM(BJ17:BK17),0), J17-BK17) -> 0 | DM17: =IF( $C17="Production", IF(MOD(COLUMN(),2)=$DH$3,SUM(J17:K17)-SUM(BK17:BL17),0), K17-BL17) -> 0 | DN17: =IF( $C17="Production", IF(MOD(COLUMN(),2)=$DH$3,SUM(K17:L17)-SUM(BL17:BM17),0), L17-BM17) -> 0 | DO17: =IF( $C17="Production", IF(MOD(COLUMN(),2)=$DH$3,SUM(L17:M17)-SUM(BM17:BN17),0), M17-BN17) -> 0 | ... FG17: =IF( $C17="Production", IF(MOD(COLUMN(),2)=$DH$3,SUM(BD17:BE17)-SUM(DE17:DF17),0), BE17-DF17) -> 0 | FH17: =SUM(DH17:FG17) -> 0.5 | FJ17: {=IF($C17="Production", IFERROR(_xlfn.IFS(AND(DH17>0,DH17+SUM(BF17:BG17)<=$FM$3),DH17,AND(DH17>0,DH17+SUM(BF17:BG17)>$FM$3),$FM$3-SUM(BF17:BG17)),0), IFERROR(_xlfn.IFS(AND(DH17>0,DH17+BG17<=$FK$3),DH17,AND(DH17>0,DH17+BG17>$FK$3),0),0) )} -> 0 | FK17: {=IF($C17="Production", IFERROR(_xlfn.IFS(AND(DI17>0,DI17+SUM(BG17:BH17)<=$FM$3),DI17,AND(DI17>0,DI17+SUM(BG17:BH17)>$FM$3),$FM$3-SUM(BG17:BH17)),0), IFERROR(_xlfn.IFS(AND(DI17>0,DI17+BH17<=$FK$3),DI17,AND(DI17>0,DI17+BH17>$FK$3),0),0) )} -> 0 | FL17: {=IF($C17="Production", IFERROR(_xlfn.IFS(AND(DJ17>0,DJ17+SUM(BH17:BI17)<=$FM$3),DJ17,AND(DJ17>0,DJ17+SUM(BH17:BI17)>$FM$3),$FM$3-SUM(BH17:BI17)),0), IFERROR(_xlfn.IFS(AND(DJ17>0,DJ17+BI17<=$FK$3),DJ17,AND(DJ17>0,DJ17+BI17>$FK$3),0),0) )} -> 0 | FM17: {=IF($C17="Production", IFERROR(_xlfn.IFS(AND(DK17>0,DK17+SUM(BI17:BJ17)<=$FM$3),DK17,AND(DK17>0,DK17+SUM(BI17:BJ17)>$FM$3),$FM$3-SUM(BI17:BJ17)),0), IFERROR(_xlfn.IFS(AND(DK17>0,DK17+BJ17<=$FK$3),DK17,AND(DK17>0,DK17+BJ17>$FK$3),0),0) )} -> 0 | FN17: {=IF($C17="Production", IFERROR(_xlfn.IFS(AND(DL17>0,DL17+SUM(BJ17:BK17)<=$FM$3),DL17,AND(DL17>0,DL17+SUM(BJ17:BK17)>$FM$3),$FM$3-SUM(BJ17:BK17)),0), IFERROR(_xlfn.IFS(AND(DL17>0,DL17+BK17<=$FK$3),DL17,AND(DL17>0,DL17+BK17>$FK$3),0),0) )} -> 0 | FO17: {=IF($C17="Production", IFERROR(_xlfn.IFS(AND(DM17>0,DM17+SUM(BK17:BL17)<=$FM$3),DM17,AND(DM17>0,DM17+SUM(BK17:BL17)>$FM$3),$FM$3-SUM(BK17:BL17)),0), IFERROR(_xlfn.IFS(AND(DM17>0,DM17+BL17<=$FK$3),DM17,AND(DM17>0,DM17+BL17>$FK$3),0),0) )} -> 0 | FP17: {=IF($C17="Production", IFERROR(_xlfn.IFS(AND(DN17>0,DN17+SUM(BL17:BM17)<=$FM$3),DN17,AND(DN17>0,DN17+SUM(BL17:BM17)>$FM$3),$FM$3-SUM(BL17:BM17)),0), IFERROR(_xlfn.IFS(AND(DN17>0,DN17+BM17<=$FK$3),DN17,AND(DN17>0,DN17+BM17>$FK$3),0),0) )} -> 0 | FQ17: {=IF($C17="Production", IFERROR(_xlfn.IFS(AND(DO17>0,DO17+SUM(BM17:BN17)<=$FM$3),DO17,AND(DO17>0,DO17+SUM(BM17:BN17)>$FM$3),$FM$3-SUM(BM17:BN17)),0), IFERROR(_xlfn.IFS(AND(DO17>0,DO17+BN17<=$FK$3),DO17,AND(DO17>0,DO17+BN17>$FK$3),0),0) )} -> 0 | ... HI17: {=IF($C17="Production", IFERROR(_xlfn.IFS(AND(FG17>0,FG17+SUM(DE17:DF17)<=$FM$3),FG17,AND(FG17>0,FG17+SUM(DE17:DF17)>$FM$3),$FM$3-SUM(DE17:DF17)),0), IFERROR(_xlfn.IFS(AND(FG17>0,FG17+DF17<=$FK$3),FG17,AND(FG17>0,FG17+DF17>$FK$3),0),0) )} -> 0 | HJ17: =SUM(FJ17:HI17) -> 0.5 | HL17: =IFERROR(IF(FJ17>0,DH17-FJ17,0),0) -> 0 | HM17: =IFERROR(IF(FK17>0,DI17-FK17,0),0) -> 0 | HN17: =IFERROR(IF(FL17>0,DJ17-FL17,0),0) -> 0 | HO17: =IFERROR(IF(FM17>0,DK17-FM17,0),0) -> 0 | HP17: =IFERROR(IF(FN17>0,DL17-FN17,0),0) -> 0 | HQ17: =IFERROR(IF(FO17>0,DM17-FO17,0),0) -> 0 | HR17: =IFERROR(IF(FP17>0,DN17-FP17,0),0) -> 0 | HS17: =IFERROR(IF(FQ17>0,DO17-FQ17,0),0) -> 0 | ... JK17: =IFERROR(IF(HI17>0,FG17-HI17,0),0) -> 0 | JL17: =SUM(HL17:JK17) -> 0 | JO17: =HJ17 -> 0.5 | JP17: =JL17 -> 0 | JQ17: =$JO$4*JO17+$JP$4*JP17 -> 0.625 | JS17: =SUMIFS(DH17:FG17,DH17:FG17,"<0") -> 0 | JU17: =JQ17+JS17 -> 0.625
B18: ='MODU 2025'!B21 -> DUCERF Norbert | C18: ='MODU 2025'!C21 -> Logistique | D18: ='MODU 2025'!D21 -> 39 | F18: ='MODU 2025'!G21 -> 39 | G18: ='MODU 2025'!H21 -> 39 | H18: ='MODU 2025'!I21 -> 40 | I18: ='MODU 2025'!J21 -> 39 | J18: ='MODU 2025'!K21 -> 40.25 | K18: ='MODU 2025'!L21 -> 39.75 | L18: ='MODU 2025'!M21 -> 39.75 | M18: ='MODU 2025'!N21 -> 39.25 | ... BE18: ='MODU 2025'!BF21 -> 39 | BG18: 39 | BH18: 39 | BI18: 39 | BJ18: 39 | BK18: 39 | BL18: 39 | BM18: 39 | BN18: 39 | BO18: 39 | BP18: 39 | BQ18: 39 | BR18: 39 | BS18: 39 | BT18: 39 | BU18: 39 | BV18: 39 | BW18: 39 | BX18: 39 | BY18: 39 | BZ18: 39 | CA18: 39 | CB18: 39 | CC18: 39 | CD18: 39 | CE18: 39 | CF18: 39 | CG18: 39 | CH18: 39 | CI18: 39 | CJ18: 39 | CK18: 39 | CL18: 39 | CM18: 39 | CN18: 39 | CO18: 39 | CP18: 39 | CQ18: 39 | CR18: 39 | CS18: 39 | CT18: 39 | CU18: 39 | CV18: 39 | CW18: 39 | CX18: 39 | CY18: 39 | CZ18: 39 | DA18: 39 | DB18: 39 | DC18: 39 | DD18: 39 | DE18: 39 | DF18: 39 | DH18: =IF( $C18="Production", IF(MOD(COLUMN(),2)=$DH$3,SUM(E18:F18)-SUM(BF18:BG18),0), F18-BG18) -> 0 | DI18: =IF( $C18="Production", IF(MOD(COLUMN(),2)=$DH$3,SUM(F18:G18)-SUM(BG18:BH18),0), G18-BH18) -> 0 | DJ18: =IF( $C18="Production", IF(MOD(COLUMN(),2)=$DH$3,SUM(G18:H18)-SUM(BH18:BI18),0), H18-BI18) -> 1 | DK18: =IF( $C18="Production", IF(MOD(COLUMN(),2)=$DH$3,SUM(H18:I18)-SUM(BI18:BJ18),0), I18-BJ18) -> 0 | DL18: =IF( $C18="Production", IF(MOD(COLUMN(),2)=$DH$3,SUM(I18:J18)-SUM(BJ18:BK18),0), J18-BK18) -> 1.25 | DM18: =IF( $C18="Production", IF(MOD(COLUMN(),2)=$DH$3,SUM(J18:K18)-SUM(BK18:BL18),0), K18-BL18) -> 0.75 | DN18: =IF( $C18="Production", IF(MOD(COLUMN(),2)=$DH$3,SUM(K18:L18)-SUM(BL18:BM18),0), L18-BM18) -> 0.75 | DO18: =IF( $C18="Production", IF(MOD(COLUMN(),2)=$DH$3,SUM(L18:M18)-SUM(BM18:BN18),0), M18-BN18) -> 0.25 | ... FG18: =IF( $C18="Production", IF(MOD(COLUMN(),2)=$DH$3,SUM(BD18:BE18)-SUM(DE18:DF18),0), BE18-DF18) -> 0 | FH18: =SUM(DH18:FG18) -> 6.75 | FJ18: {=IF($C18="Production", IFERROR(_xlfn.IFS(AND(DH18>0,DH18+SUM(BF18:BG18)<=$FM$3),DH18,AND(DH18>0,DH18+SUM(BF18:BG18)>$FM$3),$FM$3-SUM(BF18:BG18)),0), IFERROR(_xlfn.IFS(AND(DH18>0,DH18+BG18<=$FK$3),DH18,AND(DH18>0,DH18+BG18>$FK$3),0),0) )} -> 0 | FK18: {=IF($C18="Production", IFERROR(_xlfn.IFS(AND(DI18>0,DI18+SUM(BG18:BH18)<=$FM$3),DI18,AND(DI18>0,DI18+SUM(BG18:BH18)>$FM$3),$FM$3-SUM(BG18:BH18)),0), IFERROR(_xlfn.IFS(AND(DI18>0,DI18+BH18<=$FK$3),DI18,AND(DI18>0,DI18+BH18>$FK$3),0),0) )} -> 0 | FL18: {=IF($C18="Production", IFERROR(_xlfn.IFS(AND(DJ18>0,DJ18+SUM(BH18:BI18)<=$FM$3),DJ18,AND(DJ18>0,DJ18+SUM(BH18:BI18)>$FM$3),$FM$3-SUM(BH18:BI18)),0), IFERROR(_xlfn.IFS(AND(DJ18>0,DJ18+BI18<=$FK$3),DJ18,AND(DJ18>0,DJ18+BI18>$FK$3),0),0) )} -> 1 | FM18: {=IF($C18="Production", IFERROR(_xlfn.IFS(AND(DK18>0,DK18+SUM(BI18:BJ18)<=$FM$3),DK18,AND(DK18>0,DK18+SUM(BI18:BJ18)>$FM$3),$FM$3-SUM(BI18:BJ18)),0), IFERROR(_xlfn.IFS(AND(DK18>0,DK18+BJ18<=$FK$3),DK18,AND(DK18>0,DK18+BJ18>$FK$3),0),0) )} -> 0 | FN18: {=IF($C18="Production", IFERROR(_xlfn.IFS(AND(DL18>0,DL18+SUM(BJ18:BK18)<=$FM$3),DL18,AND(DL18>0,DL18+SUM(BJ18:BK18)>$FM$3),$FM$3-SUM(BJ18:BK18)),0), IFERROR(_xlfn.IFS(AND(DL18>0,DL18+BK18<=$FK$3),DL18,AND(DL18>0,DL18+BK18>$FK$3),0),0) )} -> 1.25 | FO18: {=IF($C18="Production", IFERROR(_xlfn.IFS(AND(DM18>0,DM18+SUM(BK18:BL18)<=$FM$3),DM18,AND(DM18>0,DM18+SUM(BK18:BL18)>$FM$3),$FM$3-SUM(BK18:BL18)),0), IFERROR(_xlfn.IFS(AND(DM18>0,DM18+BL18<=$FK$3),DM18,AND(DM18>0,DM18+BL18>$FK$3),0),0) )} -> 0.75 | FP18: {=IF($C18="Production", IFERROR(_xlfn.IFS(AND(DN18>0,DN18+SUM(BL18:BM18)<=$FM$3),DN18,AND(DN18>0,DN18+SUM(BL18:BM18)>$FM$3),$FM$3-SUM(BL18:BM18)),0), IFERROR(_xlfn.IFS(AND(DN18>0,DN18+BM18<=$FK$3),DN18,AND(DN18>0,DN18+BM18>$FK$3),0),0) )} -> 0.75 | FQ18: {=IF($C18="Production", IFERROR(_xlfn.IFS(AND(DO18>0,DO18+SUM(BM18:BN18)<=$FM$3),DO18,AND(DO18>0,DO18+SUM(BM18:BN18)>$FM$3),$FM$3-SUM(BM18:BN18)),0), IFERROR(_xlfn.IFS(AND(DO18>0,DO18+BN18<=$FK$3),DO18,AND(DO18>0,DO18+BN18>$FK$3),0),0) )} -> 0.25 | ... HI18: {=IF($C18="Production", IFERROR(_xlfn.IFS(AND(FG18>0,FG18+SUM(DE18:DF18)<=$FM$3),FG18,AND(FG18>0,FG18+SUM(DE18:DF18)>$FM$3),$FM$3-SUM(DE18:DF18)),0), IFERROR(_xlfn.IFS(AND(FG18>0,FG18+DF18<=$FK$3),FG18,AND(FG18>0,FG18+DF18>$FK$3),0),0) )} -> 0 | HJ18: =SUM(FJ18:HI18) -> 6.75 | HL18: =IFERROR(IF(FJ18>0,DH18-FJ18,0),0) -> 0 | HM18: =IFERROR(IF(FK18>0,DI18-FK18,0),0) -> 0 | HN18: =IFERROR(IF(FL18>0,DJ18-FL18,0),0) -> 0 | HO18: =IFERROR(IF(FM18>0,DK18-FM18,0),0) -> 0 | HP18: =IFERROR(IF(FN18>0,DL18-FN18,0),0) -> 0 | HQ18: =IFERROR(IF(FO18>0,DM18-FO18,0),0) -> 0 | HR18: =IFERROR(IF(FP18>0,DN18-FP18,0),0) -> 0 | HS18: =IFERROR(IF(FQ18>0,DO18-FQ18,0),0) -> 0 | ... JK18: =IFERROR(IF(HI18>0,FG18-HI18,0),0) -> 0 | JL18: =SUM(HL18:JK18) -> 0 | JO18: =HJ18 -> 6.75 | JP18: =JL18 -> 0 | JQ18: =$JO$4*JO18+$JP$4*JP18 -> 8.4375 | JS18: =SUMIFS(DH18:FG18,DH18:FG18,"<0") -> 0 | JU18: =JQ18+JS18 -> 8.4375
B19: ='MODU 2025'!B22 -> EL BOUKABOUTI Mamouch | C19: ='MODU 2025'!C22 -> Production | D19: ='MODU 2025'!D22 -> 37 | F19: ='MODU 2025'!G22 -> 41 | G19: ='MODU 2025'!H22 -> 28 | H19: ='MODU 2025'!I22 -> 41 | I19: ='MODU 2025'!J22 -> 33 | J19: ='MODU 2025'!K22 -> 41 | K19: ='MODU 2025'!L22 -> 33 | L19: ='MODU 2025'!M22 -> 41 | M19: ='MODU 2025'!N22 -> 33 | ... BE19: ='MODU 2025'!BF22 -> 33 | BG19: 41 | BH19: 33 | BI19: 41 | BJ19: 33 | BK19: 41 | BL19: 33 | BM19: 41 | BN19: 33 | BO19: 41 | BP19: 33 | BQ19: 41 | BR19: 33 | BS19: 41 | BT19: 33 | BU19: 41 | BV19: 33 | BW19: 41 | BX19: 33 | BY19: 41 | BZ19: 33 | CA19: 41 | CB19: 33 | CC19: 41 | CD19: 33 | CE19: 41 | CF19: 33 | CG19: 41 | CH19: 33 | CI19: 41 | CJ19: 33 | CK19: 41 | CL19: 33 | CM19: 41 | CN19: 33 | CO19: 41 | CP19: 33 | CQ19: 41 | CR19: 33 | CS19: 41 | CT19: 33 | CU19: 41 | CV19: 33 | CW19: 41 | CX19: 33 | CY19: 41 | CZ19: 33 | DA19: 41 | DB19: 33 | DC19: 41 | DD19: 33 | DE19: 41 | DF19: 33 | DH19: =IF( $C19="Production", IF(MOD(COLUMN(),2)=$DH$3,SUM(E19:F19)-SUM(BF19:BG19),0), F19-BG19) -> 0 | DI19: =IF( $C19="Production", IF(MOD(COLUMN(),2)=$DH$3,SUM(F19:G19)-SUM(BG19:BH19),0), G19-BH19) -> -5 | DJ19: =IF( $C19="Production", IF(MOD(COLUMN(),2)=$DH$3,SUM(G19:H19)-SUM(BH19:BI19),0), H19-BI19) -> 0 | DK19: =IF( $C19="Production", IF(MOD(COLUMN(),2)=$DH$3,SUM(H19:I19)-SUM(BI19:BJ19),0), I19-BJ19) -> 0 | DL19: =IF( $C19="Production", IF(MOD(COLUMN(),2)=$DH$3,SUM(I19:J19)-SUM(BJ19:BK19),0), J19-BK19) -> 0 | DM19: =IF( $C19="Production", IF(MOD(COLUMN(),2)=$DH$3,SUM(J19:K19)-SUM(BK19:BL19),0), K19-BL19) -> 0 | DN19: =IF( $C19="Production", IF(MOD(COLUMN(),2)=$DH$3,SUM(K19:L19)-SUM(BL19:BM19),0), L19-BM19) -> 0 | DO19: =IF( $C19="Production", IF(MOD(COLUMN(),2)=$DH$3,SUM(L19:M19)-SUM(BM19:BN19),0), M19-BN19) -> 0 | ... FG19: =IF( $C19="Production", IF(MOD(COLUMN(),2)=$DH$3,SUM(BD19:BE19)-SUM(DE19:DF19),0), BE19-DF19) -> 0 | FH19: =SUM(DH19:FG19) -> 2.75 | FJ19: {=IF($C19="Production", IFERROR(_xlfn.IFS(AND(DH19>0,DH19+SUM(BF19:BG19)<=$FM$3),DH19,AND(DH19>0,DH19+SUM(BF19:BG19)>$FM$3),$FM$3-SUM(BF19:BG19)),0), IFERROR(_xlfn.IFS(AND(DH19>0,DH19+BG19<=$FK$3),DH19,AND(DH19>0,DH19+BG19>$FK$3),0),0) )} -> 0 | FK19: {=IF($C19="Production", IFERROR(_xlfn.IFS(AND(DI19>0,DI19+SUM(BG19:BH19)<=$FM$3),DI19,AND(DI19>0,DI19+SUM(BG19:BH19)>$FM$3),$FM$3-SUM(BG19:BH19)),0), IFERROR(_xlfn.IFS(AND(DI19>0,DI19+BH19<=$FK$3),DI19,AND(DI19>0,DI19+BH19>$FK$3),0),0) )} -> 0 | FL19: {=IF($C19="Production", IFERROR(_xlfn.IFS(AND(DJ19>0,DJ19+SUM(BH19:BI19)<=$FM$3),DJ19,AND(DJ19>0,DJ19+SUM(BH19:BI19)>$FM$3),$FM$3-SUM(BH19:BI19)),0), IFERROR(_xlfn.IFS(AND(DJ19>0,DJ19+BI19<=$FK$3),DJ19,AND(DJ19>0,DJ19+BI19>$FK$3),0),0) )} -> 0 | FM19: {=IF($C19="Production", IFERROR(_xlfn.IFS(AND(DK19>0,DK19+SUM(BI19:BJ19)<=$FM$3),DK19,AND(DK19>0,DK19+SUM(BI19:BJ19)>$FM$3),$FM$3-SUM(BI19:BJ19)),0), IFERROR(_xlfn.IFS(AND(DK19>0,DK19+BJ19<=$FK$3),DK19,AND(DK19>0,DK19+BJ19>$FK$3),0),0) )} -> 0 | FN19: {=IF($C19="Production", IFERROR(_xlfn.IFS(AND(DL19>0,DL19+SUM(BJ19:BK19)<=$FM$3),DL19,AND(DL19>0,DL19+SUM(BJ19:BK19)>$FM$3),$FM$3-SUM(BJ19:BK19)),0), IFERROR(_xlfn.IFS(AND(DL19>0,DL19+BK19<=$FK$3),DL19,AND(DL19>0,DL19+BK19>$FK$3),0),0) )} -> 0 | FO19: {=IF($C19="Production", IFERROR(_xlfn.IFS(AND(DM19>0,DM19+SUM(BK19:BL19)<=$FM$3),DM19,AND(DM19>0,DM19+SUM(BK19:BL19)>$FM$3),$FM$3-SUM(BK19:BL19)),0), IFERROR(_xlfn.IFS(AND(DM19>0,DM19+BL19<=$FK$3),DM19,AND(DM19>0,DM19+BL19>$FK$3),0),0) )} -> 0 | FP19: {=IF($C19="Production", IFERROR(_xlfn.IFS(AND(DN19>0,DN19+SUM(BL19:BM19)<=$FM$3),DN19,AND(DN19>0,DN19+SUM(BL19:BM19)>$FM$3),$FM$3-SUM(BL19:BM19)),0), IFERROR(_xlfn.IFS(AND(DN19>0,DN19+BM19<=$FK$3),DN19,AND(DN19>0,DN19+BM19>$FK$3),0),0) )} -> 0 | FQ19: {=IF($C19="Production", IFERROR(_xlfn.IFS(AND(DO19>0,DO19+SUM(BM19:BN19)<=$FM$3),DO19,AND(DO19>0,DO19+SUM(BM19:BN19)>$FM$3),$FM$3-SUM(BM19:BN19)),0), IFERROR(_xlfn.IFS(AND(DO19>0,DO19+BN19<=$FK$3),DO19,AND(DO19>0,DO19+BN19>$FK$3),0),0) )} -> 0 | ... HI19: {=IF($C19="Production", IFERROR(_xlfn.IFS(AND(FG19>0,FG19+SUM(DE19:DF19)<=$FM$3),FG19,AND(FG19>0,FG19+SUM(DE19:DF19)>$FM$3),$FM$3-SUM(DE19:DF19)),0), IFERROR(_xlfn.IFS(AND(FG19>0,FG19+DF19<=$FK$3),FG19,AND(FG19>0,FG19+DF19>$FK$3),0),0) )} -> 0 | HJ19: =SUM(FJ19:HI19) -> 7.75 | HL19: =IFERROR(IF(FJ19>0,DH19-FJ19,0),0) -> 0 | HM19: =IFERROR(IF(FK19>0,DI19-FK19,0),0) -> 0 | HN19: =IFERROR(IF(FL19>0,DJ19-FL19,0),0) -> 0 | HO19: =IFERROR(IF(FM19>0,DK19-FM19,0),0) -> 0 | HP19: =IFERROR(IF(FN19>0,DL19-FN19,0),0) -> 0 | HQ19: =IFERROR(IF(FO19>0,DM19-FO19,0),0) -> 0 | HR19: =IFERROR(IF(FP19>0,DN19-FP19,0),0) -> 0 | HS19: =IFERROR(IF(FQ19>0,DO19-FQ19,0),0) -> 0 | ... JK19: =IFERROR(IF(HI19>0,FG19-HI19,0),0) -> 0 | JL19: =SUM(HL19:JK19) -> 0 | JO19: =HJ19 -> 7.75 | JP19: =JL19 -> 0 | JQ19: =$JO$4*JO19+$JP$4*JP19 -> 9.6875 | JS19: =SUMIFS(DH19:FG19,DH19:FG19,"<0") -> -5 | JU19: =JQ19+JS19 -> 4.6875
B20: ='MODU 2025'!B23 -> EVENTOVA Natalya | C20: ='MODU 2025'!C23 -> Production | D20: ='MODU 2025'!D23 -> 37 | F20: ='MODU 2025'!G23 -> 41 | G20: ='MODU 2025'!H23 -> 33 | H20: ='MODU 2025'!I23 -> 41 | I20: ='MODU 2025'!J23 -> 40.75 | J20: ='MODU 2025'!K23 -> 41.25 | K20: ='MODU 2025'!L23 -> 40.75 | L20: ='MODU 2025'!M23 -> 41.25 | M20: ='MODU 2025'!N23 -> 40.75 | ... BE20: ='MODU 2025'!BF23 -> 33 | BG20: 41 | BH20: 33 | BI20: 41 | BJ20: 33 | BK20: 41 | BL20: 33 | BM20: 41 | BN20: 33 | BO20: 41 | BP20: 33 | BQ20: 41 | BR20: 33 | BS20: 41 | BT20: 33 | BU20: 41 | BV20: 33 | BW20: 41 | BX20: 33 | BY20: 41 | BZ20: 33 | CA20: 41 | CB20: 33 | CC20: 41 | CD20: 33 | CE20: 41 | CF20: 33 | CG20: 41 | CH20: 33 | CI20: 41 | CJ20: 33 | CK20: 41 | CL20: 33 | CM20: 41 | CN20: 33 | CO20: 41 | CP20: 33 | CQ20: 41 | CR20: 33 | CS20: 41 | CT20: 33 | CU20: 41 | CV20: 33 | CW20: 41 | CX20: 33 | CY20: 41 | CZ20: 33 | DA20: 41 | DB20: 33 | DC20: 41 | DD20: 33 | DE20: 41 | DF20: 33 | DH20: =IF( $C20="Production", IF(MOD(COLUMN(),2)=$DH$3,SUM(E20:F20)-SUM(BF20:BG20),0), F20-BG20) -> 0 | DI20: =IF( $C20="Production", IF(MOD(COLUMN(),2)=$DH$3,SUM(F20:G20)-SUM(BG20:BH20),0), G20-BH20) -> 0 | DJ20: =IF( $C20="Production", IF(MOD(COLUMN(),2)=$DH$3,SUM(G20:H20)-SUM(BH20:BI20),0), H20-BI20) -> 0 | DK20: =IF( $C20="Production", IF(MOD(COLUMN(),2)=$DH$3,SUM(H20:I20)-SUM(BI20:BJ20),0), I20-BJ20) -> 7.75 | DL20: =IF( $C20="Production", IF(MOD(COLUMN(),2)=$DH$3,SUM(I20:J20)-SUM(BJ20:BK20),0), J20-BK20) -> 0 | DM20: =IF( $C20="Production", IF(MOD(COLUMN(),2)=$DH$3,SUM(J20:K20)-SUM(BK20:BL20),0), K20-BL20) -> 8 | DN20: =IF( $C20="Production", IF(MOD(COLUMN(),2)=$DH$3,SUM(K20:L20)-SUM(BL20:BM20),0), L20-BM20) -> 0 | DO20: =IF( $C20="Production", IF(MOD(COLUMN(),2)=$DH$3,SUM(L20:M20)-SUM(BM20:BN20),0), M20-BN20) -> 8 | ... FG20: =IF( $C20="Production", IF(MOD(COLUMN(),2)=$DH$3,SUM(BD20:BE20)-SUM(DE20:DF20),0), BE20-DF20) -> 0 | FH20: =SUM(DH20:FG20) -> 23.75 | FJ20: {=IF($C20="Production", IFERROR(_xlfn.IFS(AND(DH20>0,DH20+SUM(BF20:BG20)<=$FM$3),DH20,AND(DH20>0,DH20+SUM(BF20:BG20)>$FM$3),$FM$3-SUM(BF20:BG20)),0), IFERROR(_xlfn.IFS(AND(DH20>0,DH20+BG20<=$FK$3),DH20,AND(DH20>0,DH20+BG20>$FK$3),0),0) )} -> 0 | FK20: {=IF($C20="Production", IFERROR(_xlfn.IFS(AND(DI20>0,DI20+SUM(BG20:BH20)<=$FM$3),DI20,AND(DI20>0,DI20+SUM(BG20:BH20)>$FM$3),$FM$3-SUM(BG20:BH20)),0), IFERROR(_xlfn.IFS(AND(DI20>0,DI20+BH20<=$FK$3),DI20,AND(DI20>0,DI20+BH20>$FK$3),0),0) )} -> 0 | FL20: {=IF($C20="Production", IFERROR(_xlfn.IFS(AND(DJ20>0,DJ20+SUM(BH20:BI20)<=$FM$3),DJ20,AND(DJ20>0,DJ20+SUM(BH20:BI20)>$FM$3),$FM$3-SUM(BH20:BI20)),0), IFERROR(_xlfn.IFS(AND(DJ20>0,DJ20+BI20<=$FK$3),DJ20,AND(DJ20>0,DJ20+BI20>$FK$3),0),0) )} -> 0 | FM20: {=IF($C20="Production", IFERROR(_xlfn.IFS(AND(DK20>0,DK20+SUM(BI20:BJ20)<=$FM$3),DK20,AND(DK20>0,DK20+SUM(BI20:BJ20)>$FM$3),$FM$3-SUM(BI20:BJ20)),0), IFERROR(_xlfn.IFS(AND(DK20>0,DK20+BJ20<=$FK$3),DK20,AND(DK20>0,DK20+BJ20>$FK$3),0),0) )} -> 7.75 | FN20: {=IF($C20="Production", IFERROR(_xlfn.IFS(AND(DL20>0,DL20+SUM(BJ20:BK20)<=$FM$3),DL20,AND(DL20>0,DL20+SUM(BJ20:BK20)>$FM$3),$FM$3-SUM(BJ20:BK20)),0), IFERROR(_xlfn.IFS(AND(DL20>0,DL20+BK20<=$FK$3),DL20,AND(DL20>0,DL20+BK20>$FK$3),0),0) )} -> 0 | FO20: {=IF($C20="Production", IFERROR(_xlfn.IFS(AND(DM20>0,DM20+SUM(BK20:BL20)<=$FM$3),DM20,AND(DM20>0,DM20+SUM(BK20:BL20)>$FM$3),$FM$3-SUM(BK20:BL20)),0), IFERROR(_xlfn.IFS(AND(DM20>0,DM20+BL20<=$FK$3),DM20,AND(DM20>0,DM20+BL20>$FK$3),0),0) )} -> 8 | FP20: {=IF($C20="Production", IFERROR(_xlfn.IFS(AND(DN20>0,DN20+SUM(BL20:BM20)<=$FM$3),DN20,AND(DN20>0,DN20+SUM(BL20:BM20)>$FM$3),$FM$3-SUM(BL20:BM20)),0), IFERROR(_xlfn.IFS(AND(DN20>0,DN20+BM20<=$FK$3),DN20,AND(DN20>0,DN20+BM20>$FK$3),0),0) )} -> 0 | FQ20: {=IF($C20="Production", IFERROR(_xlfn.IFS(AND(DO20>0,DO20+SUM(BM20:BN20)<=$FM$3),DO20,AND(DO20>0,DO20+SUM(BM20:BN20)>$FM$3),$FM$3-SUM(BM20:BN20)),0), IFERROR(_xlfn.IFS(AND(DO20>0,DO20+BN20<=$FK$3),DO20,AND(DO20>0,DO20+BN20>$FK$3),0),0) )} -> 8 | ... HI20: {=IF($C20="Production", IFERROR(_xlfn.IFS(AND(FG20>0,FG20+SUM(DE20:DF20)<=$FM$3),FG20,AND(FG20>0,FG20+SUM(DE20:DF20)>$FM$3),$FM$3-SUM(DE20:DF20)),0), IFERROR(_xlfn.IFS(AND(FG20>0,FG20+DF20<=$FK$3),FG20,AND(FG20>0,FG20+DF20>$FK$3),0),0) )} -> 0 | HJ20: =SUM(FJ20:HI20) -> 23.75 | HL20: =IFERROR(IF(FJ20>0,DH20-FJ20,0),0) -> 0 | HM20: =IFERROR(IF(FK20>0,DI20-FK20,0),0) -> 0 | HN20: =IFERROR(IF(FL20>0,DJ20-FL20,0),0) -> 0 | HO20: =IFERROR(IF(FM20>0,DK20-FM20,0),0) -> 0 | HP20: =IFERROR(IF(FN20>0,DL20-FN20,0),0) -> 0 | HQ20: =IFERROR(IF(FO20>0,DM20-FO20,0),0) -> 0 | HR20: =IFERROR(IF(FP20>0,DN20-FP20,0),0) -> 0 | HS20: =IFERROR(IF(FQ20>0,DO20-FQ20,0),0) -> 0 | ... JK20: =IFERROR(IF(HI20>0,FG20-HI20,0),0) -> 0 | JL20: =SUM(HL20:JK20) -> 0 | JO20: =HJ20 -> 23.75 | JP20: =JL20 -> 0 | JQ20: =$JO$4*JO20+$JP$4*JP20 -> 29.6875 | JS20: =SUMIFS(DH20:FG20,DH20:FG20,"<0") -> 0 | JU20: =JQ20+JS20 -> 29.6875
B21: ='MODU 2025'!B24 -> FANGUIN Nadine | C21: ='MODU 2025'!C24 -> Production | D21: ='MODU 2025'!D24 -> 37 | F21: ='MODU 2025'!G24 -> 41 | G21: ='MODU 2025'!H24 -> 33 | H21: ='MODU 2025'!I24 -> 41 | I21: ='MODU 2025'!J24 -> 33 | J21: ='MODU 2025'!K24 -> 32.75 | K21: ='MODU 2025'!L24 -> 33 | L21: ='MODU 2025'!M24 -> 41 | M21: ='MODU 2025'!N24 -> 33 | ... BE21: ='MODU 2025'!BF24 -> 33 | BG21: 41 | BH21: 33 | BI21: 41 | BJ21: 33 | BK21: 41 | BL21: 33 | BM21: 41 | BN21: 33 | BO21: 41 | BP21: 33 | BQ21: 41 | BR21: 33 | BS21: 41 | BT21: 33 | BU21: 41 | BV21: 33 | BW21: 41 | BX21: 33 | BY21: 41 | BZ21: 33 | CA21: 41 | CB21: 33 | CC21: 41 | CD21: 33 | CE21: 41 | CF21: 33 | CG21: 41 | CH21: 33 | CI21: 41 | CJ21: 33 | CK21: 41 | CL21: 33 | CM21: 41 | CN21: 33 | CO21: 41 | CP21: 33 | CQ21: 41 | CR21: 33 | CS21: 41 | CT21: 33 | CU21: 41 | CV21: 33 | CW21: 41 | CX21: 33 | CY21: 41 | CZ21: 33 | DA21: 41 | DB21: 33 | DC21: 41 | DD21: 33 | DE21: 41 | DF21: 33 | DH21: =IF( $C21="Production", IF(MOD(COLUMN(),2)=$DH$3,SUM(E21:F21)-SUM(BF21:BG21),0), F21-BG21) -> 0 | DI21: =IF( $C21="Production", IF(MOD(COLUMN(),2)=$DH$3,SUM(F21:G21)-SUM(BG21:BH21),0), G21-BH21) -> 0 | DJ21: =IF( $C21="Production", IF(MOD(COLUMN(),2)=$DH$3,SUM(G21:H21)-SUM(BH21:BI21),0), H21-BI21) -> 0 | DK21: =IF( $C21="Production", IF(MOD(COLUMN(),2)=$DH$3,SUM(H21:I21)-SUM(BI21:BJ21),0), I21-BJ21) -> 0 | DL21: =IF( $C21="Production", IF(MOD(COLUMN(),2)=$DH$3,SUM(I21:J21)-SUM(BJ21:BK21),0), J21-BK21) -> 0 | DM21: =IF( $C21="Production", IF(MOD(COLUMN(),2)=$DH$3,SUM(J21:K21)-SUM(BK21:BL21),0), K21-BL21) -> -8.25 | DN21: =IF( $C21="Production", IF(MOD(COLUMN(),2)=$DH$3,SUM(K21:L21)-SUM(BL21:BM21),0), L21-BM21) -> 0 | DO21: =IF( $C21="Production", IF(MOD(COLUMN(),2)=$DH$3,SUM(L21:M21)-SUM(BM21:BN21),0), M21-BN21) -> 0 | ... FG21: =IF( $C21="Production", IF(MOD(COLUMN(),2)=$DH$3,SUM(BD21:BE21)-SUM(DE21:DF21),0), BE21-DF21) -> 0 | FH21: =SUM(DH21:FG21) -> -8.25 | FJ21: {=IF($C21="Production", IFERROR(_xlfn.IFS(AND(DH21>0,DH21+SUM(BF21:BG21)<=$FM$3),DH21,AND(DH21>0,DH21+SUM(BF21:BG21)>$FM$3),$FM$3-SUM(BF21:BG21)),0), IFERROR(_xlfn.IFS(AND(DH21>0,DH21+BG21<=$FK$3),DH21,AND(DH21>0,DH21+BG21>$FK$3),0),0) )} -> 0 | FK21: {=IF($C21="Production", IFERROR(_xlfn.IFS(AND(DI21>0,DI21+SUM(BG21:BH21)<=$FM$3),DI21,AND(DI21>0,DI21+SUM(BG21:BH21)>$FM$3),$FM$3-SUM(BG21:BH21)),0), IFERROR(_xlfn.IFS(AND(DI21>0,DI21+BH21<=$FK$3),DI21,AND(DI21>0,DI21+BH21>$FK$3),0),0) )} -> 0 | FL21: {=IF($C21="Production", IFERROR(_xlfn.IFS(AND(DJ21>0,DJ21+SUM(BH21:BI21)<=$FM$3),DJ21,AND(DJ21>0,DJ21+SUM(BH21:BI21)>$FM$3),$FM$3-SUM(BH21:BI21)),0), IFERROR(_xlfn.IFS(AND(DJ21>0,DJ21+BI21<=$FK$3),DJ21,AND(DJ21>0,DJ21+BI21>$FK$3),0),0) )} -> 0 | FM21: {=IF($C21="Production", IFERROR(_xlfn.IFS(AND(DK21>0,DK21+SUM(BI21:BJ21)<=$FM$3),DK21,AND(DK21>0,DK21+SUM(BI21:BJ21)>$FM$3),$FM$3-SUM(BI21:BJ21)),0), IFERROR(_xlfn.IFS(AND(DK21>0,DK21+BJ21<=$FK$3),DK21,AND(DK21>0,DK21+BJ21>$FK$3),0),0) )} -> 0 | FN21: {=IF($C21="Production", IFERROR(_xlfn.IFS(AND(DL21>0,DL21+SUM(BJ21:BK21)<=$FM$3),DL21,AND(DL21>0,DL21+SUM(BJ21:BK21)>$FM$3),$FM$3-SUM(BJ21:BK21)),0), IFERROR(_xlfn.IFS(AND(DL21>0,DL21+BK21<=$FK$3),DL21,AND(DL21>0,DL21+BK21>$FK$3),0),0) )} -> 0 | FO21: {=IF($C21="Production", IFERROR(_xlfn.IFS(AND(DM21>0,DM21+SUM(BK21:BL21)<=$FM$3),DM21,AND(DM21>0,DM21+SUM(BK21:BL21)>$FM$3),$FM$3-SUM(BK21:BL21)),0), IFERROR(_xlfn.IFS(AND(DM21>0,DM21+BL21<=$FK$3),DM21,AND(DM21>0,DM21+BL21>$FK$3),0),0) )} -> 0 | FP21: {=IF($C21="Production", IFERROR(_xlfn.IFS(AND(DN21>0,DN21+SUM(BL21:BM21)<=$FM$3),DN21,AND(DN21>0,DN21+SUM(BL21:BM21)>$FM$3),$FM$3-SUM(BL21:BM21)),0), IFERROR(_xlfn.IFS(AND(DN21>0,DN21+BM21<=$FK$3),DN21,AND(DN21>0,DN21+BM21>$FK$3),0),0) )} -> 0 | FQ21: {=IF($C21="Production", IFERROR(_xlfn.IFS(AND(DO21>0,DO21+SUM(BM21:BN21)<=$FM$3),DO21,AND(DO21>0,DO21+SUM(BM21:BN21)>$FM$3),$FM$3-SUM(BM21:BN21)),0), IFERROR(_xlfn.IFS(AND(DO21>0,DO21+BN21<=$FK$3),DO21,AND(DO21>0,DO21+BN21>$FK$3),0),0) )} -> 0 | ... HI21: {=IF($C21="Production", IFERROR(_xlfn.IFS(AND(FG21>0,FG21+SUM(DE21:DF21)<=$FM$3),FG21,AND(FG21>0,FG21+SUM(DE21:DF21)>$FM$3),$FM$3-SUM(DE21:DF21)),0), IFERROR(_xlfn.IFS(AND(FG21>0,FG21+DF21<=$FK$3),FG21,AND(FG21>0,FG21+DF21>$FK$3),0),0) )} -> 0 | HJ21: =SUM(FJ21:HI21) -> 0 | HL21: =IFERROR(IF(FJ21>0,DH21-FJ21,0),0) -> 0 | HM21: =IFERROR(IF(FK21>0,DI21-FK21,0),0) -> 0 | HN21: =IFERROR(IF(FL21>0,DJ21-FL21,0),0) -> 0 | HO21: =IFERROR(IF(FM21>0,DK21-FM21,0),0) -> 0 | HP21: =IFERROR(IF(FN21>0,DL21-FN21,0),0) -> 0 | HQ21: =IFERROR(IF(FO21>0,DM21-FO21,0),0) -> 0 | HR21: =IFERROR(IF(FP21>0,DN21-FP21,0),0) -> 0 | HS21: =IFERROR(IF(FQ21>0,DO21-FQ21,0),0) -> 0 | ... JK21: =IFERROR(IF(HI21>0,FG21-HI21,0),0) -> 0 | JL21: =SUM(HL21:JK21) -> 0 | JO21: =HJ21 -> 0 | JP21: =JL21 -> 0 | JQ21: =$JO$4*JO21+$JP$4*JP21 -> 0 | JS21: =SUMIFS(DH21:FG21,DH21:FG21,"<0") -> -8.25 | JU21: =JQ21+JS21 -> -8.25
B22: ='MODU 2025'!B25 -> FENILLE Victoria | C22: ='MODU 2025'!C25 -> Production | D22: ='MODU 2025'!D25 -> 37 | F22: ='MODU 2025'!G25 -> 41 | G22: ='MODU 2025'!H25 -> 32.75 | H22: ='MODU 2025'!I25 -> 42 | I22: ='MODU 2025'!J25 -> 40.75 | J22: ='MODU 2025'!K25 -> 41.25 | K22: ='MODU 2025'!L25 -> 32.5 | L22: ='MODU 2025'!M25 -> 41.25 | M22: ='MODU 2025'!N25 -> 41.75 | ... BE22: ='MODU 2025'!BF25 -> 33 | BG22: 41 | BH22: 33 | BI22: 41 | BJ22: 33 | BK22: 41 | BL22: 33 | BM22: 41 | BN22: 33 | BO22: 41 | BP22: 33 | BQ22: 41 | BR22: 33 | BS22: 41 | BT22: 33 | BU22: 41 | BV22: 33 | BW22: 41 | BX22: 33 | BY22: 41 | BZ22: 33 | CA22: 41 | CB22: 33 | CC22: 41 | CD22: 33 | CE22: 41 | CF22: 33 | CG22: 41 | CH22: 33 | CI22: 41 | CJ22: 33 | CK22: 41 | CL22: 33 | CM22: 41 | CN22: 33 | CO22: 41 | CP22: 33 | CQ22: 41 | CR22: 33 | CS22: 41 | CT22: 33 | CU22: 41 | CV22: 33 | CW22: 41 | CX22: 33 | CY22: 41 | CZ22: 33 | DA22: 41 | DB22: 33 | DC22: 41 | DD22: 33 | DE22: 41 | DF22: 33 | DH22: =IF( $C22="Production", IF(MOD(COLUMN(),2)=$DH$3,SUM(E22:F22)-SUM(BF22:BG22),0), F22-BG22) -> 0 | DI22: =IF( $C22="Production", IF(MOD(COLUMN(),2)=$DH$3,SUM(F22:G22)-SUM(BG22:BH22),0), G22-BH22) -> -0.25 | DJ22: =IF( $C22="Production", IF(MOD(COLUMN(),2)=$DH$3,SUM(G22:H22)-SUM(BH22:BI22),0), H22-BI22) -> 0 | DK22: =IF( $C22="Production", IF(MOD(COLUMN(),2)=$DH$3,SUM(H22:I22)-SUM(BI22:BJ22),0), I22-BJ22) -> 8.75 | DL22: =IF( $C22="Production", IF(MOD(COLUMN(),2)=$DH$3,SUM(I22:J22)-SUM(BJ22:BK22),0), J22-BK22) -> 0 | DM22: =IF( $C22="Production", IF(MOD(COLUMN(),2)=$DH$3,SUM(J22:K22)-SUM(BK22:BL22),0), K22-BL22) -> -0.25 | DN22: =IF( $C22="Production", IF(MOD(COLUMN(),2)=$DH$3,SUM(K22:L22)-SUM(BL22:BM22),0), L22-BM22) -> 0 | DO22: =IF( $C22="Production", IF(MOD(COLUMN(),2)=$DH$3,SUM(L22:M22)-SUM(BM22:BN22),0), M22-BN22) -> 9 | ... FG22: =IF( $C22="Production", IF(MOD(COLUMN(),2)=$DH$3,SUM(BD22:BE22)-SUM(DE22:DF22),0), BE22-DF22) -> 0 | FH22: =SUM(DH22:FG22) -> 18 | FJ22: {=IF($C22="Production", IFERROR(_xlfn.IFS(AND(DH22>0,DH22+SUM(BF22:BG22)<=$FM$3),DH22,AND(DH22>0,DH22+SUM(BF22:BG22)>$FM$3),$FM$3-SUM(BF22:BG22)),0), IFERROR(_xlfn.IFS(AND(DH22>0,DH22+BG22<=$FK$3),DH22,AND(DH22>0,DH22+BG22>$FK$3),0),0) )} -> 0 | FK22: {=IF($C22="Production", IFERROR(_xlfn.IFS(AND(DI22>0,DI22+SUM(BG22:BH22)<=$FM$3),DI22,AND(DI22>0,DI22+SUM(BG22:BH22)>$FM$3),$FM$3-SUM(BG22:BH22)),0), IFERROR(_xlfn.IFS(AND(DI22>0,DI22+BH22<=$FK$3),DI22,AND(DI22>0,DI22+BH22>$FK$3),0),0) )} -> 0 | FL22: {=IF($C22="Production", IFERROR(_xlfn.IFS(AND(DJ22>0,DJ22+SUM(BH22:BI22)<=$FM$3),DJ22,AND(DJ22>0,DJ22+SUM(BH22:BI22)>$FM$3),$FM$3-SUM(BH22:BI22)),0), IFERROR(_xlfn.IFS(AND(DJ22>0,DJ22+BI22<=$FK$3),DJ22,AND(DJ22>0,DJ22+BI22>$FK$3),0),0) )} -> 0 | FM22: {=IF($C22="Production", IFERROR(_xlfn.IFS(AND(DK22>0,DK22+SUM(BI22:BJ22)<=$FM$3),DK22,AND(DK22>0,DK22+SUM(BI22:BJ22)>$FM$3),$FM$3-SUM(BI22:BJ22)),0), IFERROR(_xlfn.IFS(AND(DK22>0,DK22+BJ22<=$FK$3),DK22,AND(DK22>0,DK22+BJ22>$FK$3),0),0) )} -> 8.75 | FN22: {=IF($C22="Production", IFERROR(_xlfn.IFS(AND(DL22>0,DL22+SUM(BJ22:BK22)<=$FM$3),DL22,AND(DL22>0,DL22+SUM(BJ22:BK22)>$FM$3),$FM$3-SUM(BJ22:BK22)),0), IFERROR(_xlfn.IFS(AND(DL22>0,DL22+BK22<=$FK$3),DL22,AND(DL22>0,DL22+BK22>$FK$3),0),0) )} -> 0 | FO22: {=IF($C22="Production", IFERROR(_xlfn.IFS(AND(DM22>0,DM22+SUM(BK22:BL22)<=$FM$3),DM22,AND(DM22>0,DM22+SUM(BK22:BL22)>$FM$3),$FM$3-SUM(BK22:BL22)),0), IFERROR(_xlfn.IFS(AND(DM22>0,DM22+BL22<=$FK$3),DM22,AND(DM22>0,DM22+BL22>$FK$3),0),0) )} -> 0 | FP22: {=IF($C22="Production", IFERROR(_xlfn.IFS(AND(DN22>0,DN22+SUM(BL22:BM22)<=$FM$3),DN22,AND(DN22>0,DN22+SUM(BL22:BM22)>$FM$3),$FM$3-SUM(BL22:BM22)),0), IFERROR(_xlfn.IFS(AND(DN22>0,DN22+BM22<=$FK$3),DN22,AND(DN22>0,DN22+BM22>$FK$3),0),0) )} -> 0 | FQ22: {=IF($C22="Production", IFERROR(_xlfn.IFS(AND(DO22>0,DO22+SUM(BM22:BN22)<=$FM$3),DO22,AND(DO22>0,DO22+SUM(BM22:BN22)>$FM$3),$FM$3-SUM(BM22:BN22)),0), IFERROR(_xlfn.IFS(AND(DO22>0,DO22+BN22<=$FK$3),DO22,AND(DO22>0,DO22+BN22>$FK$3),0),0) )} -> 9 | ... HI22: {=IF($C22="Production", IFERROR(_xlfn.IFS(AND(FG22>0,FG22+SUM(DE22:DF22)<=$FM$3),FG22,AND(FG22>0,FG22+SUM(DE22:DF22)>$FM$3),$FM$3-SUM(DE22:DF22)),0), IFERROR(_xlfn.IFS(AND(FG22>0,FG22+DF22<=$FK$3),FG22,AND(FG22>0,FG22+DF22>$FK$3),0),0) )} -> 0 | HJ22: =SUM(FJ22:HI22) -> 18.5 | HL22: =IFERROR(IF(FJ22>0,DH22-FJ22,0),0) -> 0 | HM22: =IFERROR(IF(FK22>0,DI22-FK22,0),0) -> 0 | HN22: =IFERROR(IF(FL22>0,DJ22-FL22,0),0) -> 0 | HO22: =IFERROR(IF(FM22>0,DK22-FM22,0),0) -> 0 | HP22: =IFERROR(IF(FN22>0,DL22-FN22,0),0) -> 0 | HQ22: =IFERROR(IF(FO22>0,DM22-FO22,0),0) -> 0 | HR22: =IFERROR(IF(FP22>0,DN22-FP22,0),0) -> 0 | HS22: =IFERROR(IF(FQ22>0,DO22-FQ22,0),0) -> 0 | ... JK22: =IFERROR(IF(HI22>0,FG22-HI22,0),0) -> 0 | JL22: =SUM(HL22:JK22) -> 0 | JO22: =HJ22 -> 18.5 | JP22: =JL22 -> 0 | JQ22: =$JO$4*JO22+$JP$4*JP22 -> 23.125 | JS22: =SUMIFS(DH22:FG22,DH22:FG22,"<0") -> -0.5 | JU22: =JQ22+JS22 -> 22.625
B23: ='MODU 2025'!B26 -> GARCIA Béatrice | C23: ='MODU 2025'!C26 -> Production | D23: ='MODU 2025'!D26 -> 37 | F23: ='MODU 2025'!G26 -> 41 | G23: ='MODU 2025'!H26 -> 33 | H23: ='MODU 2025'!I26 -> 41 | I23: ='MODU 2025'!J26 -> 33 | J23: ='MODU 2025'!K26 -> 41 | K23: ='MODU 2025'!L26 -> 33 | L23: ='MODU 2025'!M26 -> 41 | M23: ='MODU 2025'!N26 -> 33 | ... BE23: ='MODU 2025'!BF26 -> 33 | BG23: 41 | BH23: 33 | BI23: 41 | BJ23: 33 | BK23: 41 | BL23: 33 | BM23: 41 | BN23: 33 | BO23: 41 | BP23: 33 | BQ23: 41 | BR23: 33 | BS23: 41 | BT23: 33 | BU23: 41 | BV23: 33 | BW23: 41 | BX23: 33 | BY23: 41 | BZ23: 33 | CA23: 41 | CB23: 33 | CC23: 41 | CD23: 33 | CE23: 41 | CF23: 33 | CG23: 41 | CH23: 33 | CI23: 41 | CJ23: 33 | CK23: 41 | CL23: 33 | CM23: 41 | CN23: 33 | CO23: 41 | CP23: 33 | CQ23: 41 | CR23: 33 | CS23: 41 | CT23: 33 | CU23: 41 | CV23: 33 | CW23: 41 | CX23: 33 | CY23: 41 | CZ23: 33 | DA23: 41 | DB23: 33 | DC23: 41 | DD23: 33 | DE23: 41 | DF23: 33 | DH23: =IF( $C23="Production", IF(MOD(COLUMN(),2)=$DH$3,SUM(E23:F23)-SUM(BF23:BG23),0), F23-BG23) -> 0 | DI23: =IF( $C23="Production", IF(MOD(COLUMN(),2)=$DH$3,SUM(F23:G23)-SUM(BG23:BH23),0), G23-BH23) -> 0 | DJ23: =IF( $C23="Production", IF(MOD(COLUMN(),2)=$DH$3,SUM(G23:H23)-SUM(BH23:BI23),0), H23-BI23) -> 0 | DK23: =IF( $C23="Production", IF(MOD(COLUMN(),2)=$DH$3,SUM(H23:I23)-SUM(BI23:BJ23),0), I23-BJ23) -> 0 | DL23: =IF( $C23="Production", IF(MOD(COLUMN(),2)=$DH$3,SUM(I23:J23)-SUM(BJ23:BK23),0), J23-BK23) -> 0 | DM23: =IF( $C23="Production", IF(MOD(COLUMN(),2)=$DH$3,SUM(J23:K23)-SUM(BK23:BL23),0), K23-BL23) -> 0 | DN23: =IF( $C23="Production", IF(MOD(COLUMN(),2)=$DH$3,SUM(K23:L23)-SUM(BL23:BM23),0), L23-BM23) -> 0 | DO23: =IF( $C23="Production", IF(MOD(COLUMN(),2)=$DH$3,SUM(L23:M23)-SUM(BM23:BN23),0), M23-BN23) -> 0 | ... FG23: =IF( $C23="Production", IF(MOD(COLUMN(),2)=$DH$3,SUM(BD23:BE23)-SUM(DE23:DF23),0), BE23-DF23) -> 0 | FH23: =SUM(DH23:FG23) -> 0 | FJ23: {=IF($C23="Production", IFERROR(_xlfn.IFS(AND(DH23>0,DH23+SUM(BF23:BG23)<=$FM$3),DH23,AND(DH23>0,DH23+SUM(BF23:BG23)>$FM$3),$FM$3-SUM(BF23:BG23)),0), IFERROR(_xlfn.IFS(AND(DH23>0,DH23+BG23<=$FK$3),DH23,AND(DH23>0,DH23+BG23>$FK$3),0),0) )} -> 0 | FK23: {=IF($C23="Production", IFERROR(_xlfn.IFS(AND(DI23>0,DI23+SUM(BG23:BH23)<=$FM$3),DI23,AND(DI23>0,DI23+SUM(BG23:BH23)>$FM$3),$FM$3-SUM(BG23:BH23)),0), IFERROR(_xlfn.IFS(AND(DI23>0,DI23+BH23<=$FK$3),DI23,AND(DI23>0,DI23+BH23>$FK$3),0),0) )} -> 0 | FL23: {=IF($C23="Production", IFERROR(_xlfn.IFS(AND(DJ23>0,DJ23+SUM(BH23:BI23)<=$FM$3),DJ23,AND(DJ23>0,DJ23+SUM(BH23:BI23)>$FM$3),$FM$3-SUM(BH23:BI23)),0), IFERROR(_xlfn.IFS(AND(DJ23>0,DJ23+BI23<=$FK$3),DJ23,AND(DJ23>0,DJ23+BI23>$FK$3),0),0) )} -> 0 | FM23: {=IF($C23="Production", IFERROR(_xlfn.IFS(AND(DK23>0,DK23+SUM(BI23:BJ23)<=$FM$3),DK23,AND(DK23>0,DK23+SUM(BI23:BJ23)>$FM$3),$FM$3-SUM(BI23:BJ23)),0), IFERROR(_xlfn.IFS(AND(DK23>0,DK23+BJ23<=$FK$3),DK23,AND(DK23>0,DK23+BJ23>$FK$3),0),0) )} -> 0 | FN23: {=IF($C23="Production", IFERROR(_xlfn.IFS(AND(DL23>0,DL23+SUM(BJ23:BK23)<=$FM$3),DL23,AND(DL23>0,DL23+SUM(BJ23:BK23)>$FM$3),$FM$3-SUM(BJ23:BK23)),0), IFERROR(_xlfn.IFS(AND(DL23>0,DL23+BK23<=$FK$3),DL23,AND(DL23>0,DL23+BK23>$FK$3),0),0) )} -> 0 | FO23: {=IF($C23="Production", IFERROR(_xlfn.IFS(AND(DM23>0,DM23+SUM(BK23:BL23)<=$FM$3),DM23,AND(DM23>0,DM23+SUM(BK23:BL23)>$FM$3),$FM$3-SUM(BK23:BL23)),0), IFERROR(_xlfn.IFS(AND(DM23>0,DM23+BL23<=$FK$3),DM23,AND(DM23>0,DM23+BL23>$FK$3),0),0) )} -> 0 | FP23: {=IF($C23="Production", IFERROR(_xlfn.IFS(AND(DN23>0,DN23+SUM(BL23:BM23)<=$FM$3),DN23,AND(DN23>0,DN23+SUM(BL23:BM23)>$FM$3),$FM$3-SUM(BL23:BM23)),0), IFERROR(_xlfn.IFS(AND(DN23>0,DN23+BM23<=$FK$3),DN23,AND(DN23>0,DN23+BM23>$FK$3),0),0) )} -> 0 | FQ23: {=IF($C23="Production", IFERROR(_xlfn.IFS(AND(DO23>0,DO23+SUM(BM23:BN23)<=$FM$3),DO23,AND(DO23>0,DO23+SUM(BM23:BN23)>$FM$3),$FM$3-SUM(BM23:BN23)),0), IFERROR(_xlfn.IFS(AND(DO23>0,DO23+BN23<=$FK$3),DO23,AND(DO23>0,DO23+BN23>$FK$3),0),0) )} -> 0 | ... HI23: {=IF($C23="Production", IFERROR(_xlfn.IFS(AND(FG23>0,FG23+SUM(DE23:DF23)<=$FM$3),FG23,AND(FG23>0,FG23+SUM(DE23:DF23)>$FM$3),$FM$3-SUM(DE23:DF23)),0), IFERROR(_xlfn.IFS(AND(FG23>0,FG23+DF23<=$FK$3),FG23,AND(FG23>0,FG23+DF23>$FK$3),0),0) )} -> 0 | HJ23: =SUM(FJ23:HI23) -> 0 | HL23: =IFERROR(IF(FJ23>0,DH23-FJ23,0),0) -> 0 | HM23: =IFERROR(IF(FK23>0,DI23-FK23,0),0) -> 0 | HN23: =IFERROR(IF(FL23>0,DJ23-FL23,0),0) -> 0 | HO23: =IFERROR(IF(FM23>0,DK23-FM23,0),0) -> 0 | HP23: =IFERROR(IF(FN23>0,DL23-FN23,0),0) -> 0 | HQ23: =IFERROR(IF(FO23>0,DM23-FO23,0),0) -> 0 | HR23: =IFERROR(IF(FP23>0,DN23-FP23,0),0) -> 0 | HS23: =IFERROR(IF(FQ23>0,DO23-FQ23,0),0) -> 0 | ... JK23: =IFERROR(IF(HI23>0,FG23-HI23,0),0) -> 0 | JL23: =SUM(HL23:JK23) -> 0 | JO23: =HJ23 -> 0 | JP23: =JL23 -> 0 | JQ23: =$JO$4*JO23+$JP$4*JP23 -> 0 | JS23: =SUMIFS(DH23:FG23,DH23:FG23,"<0") -> 0 | JU23: =JQ23+JS23 -> 0
B24: ='MODU 2025'!B27 -> GOYON Marie Christine | C24: ='MODU 2025'!C27 -> Production | D24: ='MODU 2025'!D27 -> 37 | F24: ='MODU 2025'!G27 -> 38 | G24: ='MODU 2025'!H27 -> 33 | H24: ='MODU 2025'!I27 -> 41 | I24: ='MODU 2025'!J27 -> 40.75 | J24: ='MODU 2025'!K27 -> 41.25 | K24: ='MODU 2025'!L27 -> 33 | L24: ='MODU 2025'!M27 -> 37 | M24: ='MODU 2025'!N27 -> 37 | ... BE24: ='MODU 2025'!BF27 -> 33 | BG24: 41 | BH24: 33 | BI24: 41 | BJ24: 33 | BK24: 41 | BL24: 33 | BM24: 41 | BN24: 33 | BO24: 41 | BP24: 33 | BQ24: 41 | BR24: 33 | BS24: 41 | BT24: 33 | BU24: 41 | BV24: 33 | BW24: 41 | BX24: 33 | BY24: 41 | BZ24: 33 | CA24: 41 | CB24: 33 | CC24: 41 | CD24: 33 | CE24: 41 | CF24: 33 | CG24: 41 | CH24: 33 | CI24: 41 | CJ24: 33 | CK24: 41 | CL24: 33 | CM24: 41 | CN24: 33 | CO24: 41 | CP24: 33 | CQ24: 41 | CR24: 33 | CS24: 41 | CT24: 33 | CU24: 41 | CV24: 33 | CW24: 41 | CX24: 33 | CY24: 41 | CZ24: 33 | DA24: 41 | DB24: 33 | DC24: 41 | DD24: 33 | DE24: 41 | DF24: 33 | DH24: =IF( $C24="Production", IF(MOD(COLUMN(),2)=$DH$3,SUM(E24:F24)-SUM(BF24:BG24),0), F24-BG24) -> 0 | DI24: =IF( $C24="Production", IF(MOD(COLUMN(),2)=$DH$3,SUM(F24:G24)-SUM(BG24:BH24),0), G24-BH24) -> -3 | DJ24: =IF( $C24="Production", IF(MOD(COLUMN(),2)=$DH$3,SUM(G24:H24)-SUM(BH24:BI24),0), H24-BI24) -> 0 | DK24: =IF( $C24="Production", IF(MOD(COLUMN(),2)=$DH$3,SUM(H24:I24)-SUM(BI24:BJ24),0), I24-BJ24) -> 7.75 | DL24: =IF( $C24="Production", IF(MOD(COLUMN(),2)=$DH$3,SUM(I24:J24)-SUM(BJ24:BK24),0), J24-BK24) -> 0 | DM24: =IF( $C24="Production", IF(MOD(COLUMN(),2)=$DH$3,SUM(J24:K24)-SUM(BK24:BL24),0), K24-BL24) -> 0.25 | DN24: =IF( $C24="Production", IF(MOD(COLUMN(),2)=$DH$3,SUM(K24:L24)-SUM(BL24:BM24),0), L24-BM24) -> 0 | DO24: =IF( $C24="Production", IF(MOD(COLUMN(),2)=$DH$3,SUM(L24:M24)-SUM(BM24:BN24),0), M24-BN24) -> 0 | ... FG24: =IF( $C24="Production", IF(MOD(COLUMN(),2)=$DH$3,SUM(BD24:BE24)-SUM(DE24:DF24),0), BE24-DF24) -> 0 | FH24: =SUM(DH24:FG24) -> 5 | FJ24: {=IF($C24="Production", IFERROR(_xlfn.IFS(AND(DH24>0,DH24+SUM(BF24:BG24)<=$FM$3),DH24,AND(DH24>0,DH24+SUM(BF24:BG24)>$FM$3),$FM$3-SUM(BF24:BG24)),0), IFERROR(_xlfn.IFS(AND(DH24>0,DH24+BG24<=$FK$3),DH24,AND(DH24>0,DH24+BG24>$FK$3),0),0) )} -> 0 | FK24: {=IF($C24="Production", IFERROR(_xlfn.IFS(AND(DI24>0,DI24+SUM(BG24:BH24)<=$FM$3),DI24,AND(DI24>0,DI24+SUM(BG24:BH24)>$FM$3),$FM$3-SUM(BG24:BH24)),0), IFERROR(_xlfn.IFS(AND(DI24>0,DI24+BH24<=$FK$3),DI24,AND(DI24>0,DI24+BH24>$FK$3),0),0) )} -> 0 | FL24: {=IF($C24="Production", IFERROR(_xlfn.IFS(AND(DJ24>0,DJ24+SUM(BH24:BI24)<=$FM$3),DJ24,AND(DJ24>0,DJ24+SUM(BH24:BI24)>$FM$3),$FM$3-SUM(BH24:BI24)),0), IFERROR(_xlfn.IFS(AND(DJ24>0,DJ24+BI24<=$FK$3),DJ24,AND(DJ24>0,DJ24+BI24>$FK$3),0),0) )} -> 0 | FM24: {=IF($C24="Production", IFERROR(_xlfn.IFS(AND(DK24>0,DK24+SUM(BI24:BJ24)<=$FM$3),DK24,AND(DK24>0,DK24+SUM(BI24:BJ24)>$FM$3),$FM$3-SUM(BI24:BJ24)),0), IFERROR(_xlfn.IFS(AND(DK24>0,DK24+BJ24<=$FK$3),DK24,AND(DK24>0,DK24+BJ24>$FK$3),0),0) )} -> 7.75 | FN24: {=IF($C24="Production", IFERROR(_xlfn.IFS(AND(DL24>0,DL24+SUM(BJ24:BK24)<=$FM$3),DL24,AND(DL24>0,DL24+SUM(BJ24:BK24)>$FM$3),$FM$3-SUM(BJ24:BK24)),0), IFERROR(_xlfn.IFS(AND(DL24>0,DL24+BK24<=$FK$3),DL24,AND(DL24>0,DL24+BK24>$FK$3),0),0) )} -> 0 | FO24: {=IF($C24="Production", IFERROR(_xlfn.IFS(AND(DM24>0,DM24+SUM(BK24:BL24)<=$FM$3),DM24,AND(DM24>0,DM24+SUM(BK24:BL24)>$FM$3),$FM$3-SUM(BK24:BL24)),0), IFERROR(_xlfn.IFS(AND(DM24>0,DM24+BL24<=$FK$3),DM24,AND(DM24>0,DM24+BL24>$FK$3),0),0) )} -> 0.25 | FP24: {=IF($C24="Production", IFERROR(_xlfn.IFS(AND(DN24>0,DN24+SUM(BL24:BM24)<=$FM$3),DN24,AND(DN24>0,DN24+SUM(BL24:BM24)>$FM$3),$FM$3-SUM(BL24:BM24)),0), IFERROR(_xlfn.IFS(AND(DN24>0,DN24+BM24<=$FK$3),DN24,AND(DN24>0,DN24+BM24>$FK$3),0),0) )} -> 0 | FQ24: {=IF($C24="Production", IFERROR(_xlfn.IFS(AND(DO24>0,DO24+SUM(BM24:BN24)<=$FM$3),DO24,AND(DO24>0,DO24+SUM(BM24:BN24)>$FM$3),$FM$3-SUM(BM24:BN24)),0), IFERROR(_xlfn.IFS(AND(DO24>0,DO24+BN24<=$FK$3),DO24,AND(DO24>0,DO24+BN24>$FK$3),0),0) )} -> 0 | ... HI24: {=IF($C24="Production", IFERROR(_xlfn.IFS(AND(FG24>0,FG24+SUM(DE24:DF24)<=$FM$3),FG24,AND(FG24>0,FG24+SUM(DE24:DF24)>$FM$3),$FM$3-SUM(DE24:DF24)),0), IFERROR(_xlfn.IFS(AND(FG24>0,FG24+DF24<=$FK$3),FG24,AND(FG24>0,FG24+DF24>$FK$3),0),0) )} -> 0 | HJ24: =SUM(FJ24:HI24) -> 8 | HL24: =IFERROR(IF(FJ24>0,DH24-FJ24,0),0) -> 0 | HM24: =IFERROR(IF(FK24>0,DI24-FK24,0),0) -> 0 | HN24: =IFERROR(IF(FL24>0,DJ24-FL24,0),0) -> 0 | HO24: =IFERROR(IF(FM24>0,DK24-FM24,0),0) -> 0 | HP24: =IFERROR(IF(FN24>0,DL24-FN24,0),0) -> 0 | HQ24: =IFERROR(IF(FO24>0,DM24-FO24,0),0) -> 0 | HR24: =IFERROR(IF(FP24>0,DN24-FP24,0),0) -> 0 | HS24: =IFERROR(IF(FQ24>0,DO24-FQ24,0),0) -> 0 | ... JK24: =IFERROR(IF(HI24>0,FG24-HI24,0),0) -> 0 | JL24: =SUM(HL24:JK24) -> 0 | JO24: =HJ24 -> 8 | JP24: =JL24 -> 0 | JQ24: =$JO$4*JO24+$JP$4*JP24 -> 10 | JS24: =SUMIFS(DH24:FG24,DH24:FG24,"<0") -> -3 | JU24: =JQ24+JS24 -> 7
B25: ='MODU 2025'!B28 -> LECAPITAINE Angélique | C25: ='MODU 2025'!C28 -> Production | D25: ='MODU 2025'!D28 -> 37 | F25: ='MODU 2025'!G28 -> 41 | G25: ='MODU 2025'!H28 -> 33 | H25: ='MODU 2025'!I28 -> 41 | I25: ='MODU 2025'!J28 -> 33 | J25: ='MODU 2025'!K28 -> 41 | K25: ='MODU 2025'!L28 -> 40.75 | L25: ='MODU 2025'!M28 -> 41 | M25: ='MODU 2025'!N28 -> 33 | ... BE25: ='MODU 2025'!BF28 -> 33 | BG25: 41 | BH25: 33 | BI25: 41 | BJ25: 33 | BK25: 41 | BL25: 33 | BM25: 41 | BN25: 33 | BO25: 41 | BP25: 33 | BQ25: 41 | BR25: 33 | BS25: 41 | BT25: 33 | BU25: 41 | BV25: 33 | BW25: 41 | BX25: 33 | BY25: 41 | BZ25: 33 | CA25: 41 | CB25: 33 | CC25: 41 | CD25: 33 | CE25: 41 | CF25: 33 | CG25: 41 | CH25: 33 | CI25: 41 | CJ25: 33 | CK25: 41 | CL25: 33 | CM25: 41 | CN25: 33 | CO25: 41 | CP25: 33 | CQ25: 41 | CR25: 33 | CS25: 41 | CT25: 33 | CU25: 41 | CV25: 33 | CW25: 41 | CX25: 33 | CY25: 41 | CZ25: 33 | DA25: 41 | DB25: 33 | DC25: 41 | DD25: 33 | DE25: 41 | DF25: 33 | DH25: =IF( $C25="Production", IF(MOD(COLUMN(),2)=$DH$3,SUM(E25:F25)-SUM(BF25:BG25),0), F25-BG25) -> 0 | DI25: =IF( $C25="Production", IF(MOD(COLUMN(),2)=$DH$3,SUM(F25:G25)-SUM(BG25:BH25),0), G25-BH25) -> 0 | DJ25: =IF( $C25="Production", IF(MOD(COLUMN(),2)=$DH$3,SUM(G25:H25)-SUM(BH25:BI25),0), H25-BI25) -> 0 | DK25: =IF( $C25="Production", IF(MOD(COLUMN(),2)=$DH$3,SUM(H25:I25)-SUM(BI25:BJ25),0), I25-BJ25) -> 0 | DL25: =IF( $C25="Production", IF(MOD(COLUMN(),2)=$DH$3,SUM(I25:J25)-SUM(BJ25:BK25),0), J25-BK25) -> 0 | DM25: =IF( $C25="Production", IF(MOD(COLUMN(),2)=$DH$3,SUM(J25:K25)-SUM(BK25:BL25),0), K25-BL25) -> 7.75 | DN25: =IF( $C25="Production", IF(MOD(COLUMN(),2)=$DH$3,SUM(K25:L25)-SUM(BL25:BM25),0), L25-BM25) -> 0 | DO25: =IF( $C25="Production", IF(MOD(COLUMN(),2)=$DH$3,SUM(L25:M25)-SUM(BM25:BN25),0), M25-BN25) -> 0 | ... FG25: =IF( $C25="Production", IF(MOD(COLUMN(),2)=$DH$3,SUM(BD25:BE25)-SUM(DE25:DF25),0), BE25-DF25) -> 0 | FH25: =SUM(DH25:FG25) -> 15.75 | FJ25: {=IF($C25="Production", IFERROR(_xlfn.IFS(AND(DH25>0,DH25+SUM(BF25:BG25)<=$FM$3),DH25,AND(DH25>0,DH25+SUM(BF25:BG25)>$FM$3),$FM$3-SUM(BF25:BG25)),0), IFERROR(_xlfn.IFS(AND(DH25>0,DH25+BG25<=$FK$3),DH25,AND(DH25>0,DH25+BG25>$FK$3),0),0) )} -> 0 | FK25: {=IF($C25="Production", IFERROR(_xlfn.IFS(AND(DI25>0,DI25+SUM(BG25:BH25)<=$FM$3),DI25,AND(DI25>0,DI25+SUM(BG25:BH25)>$FM$3),$FM$3-SUM(BG25:BH25)),0), IFERROR(_xlfn.IFS(AND(DI25>0,DI25+BH25<=$FK$3),DI25,AND(DI25>0,DI25+BH25>$FK$3),0),0) )} -> 0 | FL25: {=IF($C25="Production", IFERROR(_xlfn.IFS(AND(DJ25>0,DJ25+SUM(BH25:BI25)<=$FM$3),DJ25,AND(DJ25>0,DJ25+SUM(BH25:BI25)>$FM$3),$FM$3-SUM(BH25:BI25)),0), IFERROR(_xlfn.IFS(AND(DJ25>0,DJ25+BI25<=$FK$3),DJ25,AND(DJ25>0,DJ25+BI25>$FK$3),0),0) )} -> 0 | FM25: {=IF($C25="Production", IFERROR(_xlfn.IFS(AND(DK25>0,DK25+SUM(BI25:BJ25)<=$FM$3),DK25,AND(DK25>0,DK25+SUM(BI25:BJ25)>$FM$3),$FM$3-SUM(BI25:BJ25)),0), IFERROR(_xlfn.IFS(AND(DK25>0,DK25+BJ25<=$FK$3),DK25,AND(DK25>0,DK25+BJ25>$FK$3),0),0) )} -> 0 | FN25: {=IF($C25="Production", IFERROR(_xlfn.IFS(AND(DL25>0,DL25+SUM(BJ25:BK25)<=$FM$3),DL25,AND(DL25>0,DL25+SUM(BJ25:BK25)>$FM$3),$FM$3-SUM(BJ25:BK25)),0), IFERROR(_xlfn.IFS(AND(DL25>0,DL25+BK25<=$FK$3),DL25,AND(DL25>0,DL25+BK25>$FK$3),0),0) )} -> 0 | FO25: {=IF($C25="Production", IFERROR(_xlfn.IFS(AND(DM25>0,DM25+SUM(BK25:BL25)<=$FM$3),DM25,AND(DM25>0,DM25+SUM(BK25:BL25)>$FM$3),$FM$3-SUM(BK25:BL25)),0), IFERROR(_xlfn.IFS(AND(DM25>0,DM25+BL25<=$FK$3),DM25,AND(DM25>0,DM25+BL25>$FK$3),0),0) )} -> 7.75 | FP25: {=IF($C25="Production", IFERROR(_xlfn.IFS(AND(DN25>0,DN25+SUM(BL25:BM25)<=$FM$3),DN25,AND(DN25>0,DN25+SUM(BL25:BM25)>$FM$3),$FM$3-SUM(BL25:BM25)),0), IFERROR(_xlfn.IFS(AND(DN25>0,DN25+BM25<=$FK$3),DN25,AND(DN25>0,DN25+BM25>$FK$3),0),0) )} -> 0 | FQ25: {=IF($C25="Production", IFERROR(_xlfn.IFS(AND(DO25>0,DO25+SUM(BM25:BN25)<=$FM$3),DO25,AND(DO25>0,DO25+SUM(BM25:BN25)>$FM$3),$FM$3-SUM(BM25:BN25)),0), IFERROR(_xlfn.IFS(AND(DO25>0,DO25+BN25<=$FK$3),DO25,AND(DO25>0,DO25+BN25>$FK$3),0),0) )} -> 0 | ... HI25: {=IF($C25="Production", IFERROR(_xlfn.IFS(AND(FG25>0,FG25+SUM(DE25:DF25)<=$FM$3),FG25,AND(FG25>0,FG25+SUM(DE25:DF25)>$FM$3),$FM$3-SUM(DE25:DF25)),0), IFERROR(_xlfn.IFS(AND(FG25>0,FG25+DF25<=$FK$3),FG25,AND(FG25>0,FG25+DF25>$FK$3),0),0) )} -> 0 | HJ25: =SUM(FJ25:HI25) -> 15.75 | HL25: =IFERROR(IF(FJ25>0,DH25-FJ25,0),0) -> 0 | HM25: =IFERROR(IF(FK25>0,DI25-FK25,0),0) -> 0 | HN25: =IFERROR(IF(FL25>0,DJ25-FL25,0),0) -> 0 | HO25: =IFERROR(IF(FM25>0,DK25-FM25,0),0) -> 0 | HP25: =IFERROR(IF(FN25>0,DL25-FN25,0),0) -> 0 | HQ25: =IFERROR(IF(FO25>0,DM25-FO25,0),0) -> 0 | HR25: =IFERROR(IF(FP25>0,DN25-FP25,0),0) -> 0 | HS25: =IFERROR(IF(FQ25>0,DO25-FQ25,0),0) -> 0 | ... JK25: =IFERROR(IF(HI25>0,FG25-HI25,0),0) -> 0 | JL25: =SUM(HL25:JK25) -> 0 | JO25: =HJ25 -> 15.75 | JP25: =JL25 -> 0 | JQ25: =$JO$4*JO25+$JP$4*JP25 -> 19.6875 | JS25: =SUMIFS(DH25:FG25,DH25:FG25,"<0") -> 0 | JU25: =JQ25+JS25 -> 19.6875
... B32: ='MODU 2025'!B35 -> PACHECO Guillaume | C32: ='MODU 2025'!C35 -> Production | D32: ='MODU 2025'!D35 -> 37 | F32: ='MODU 2025'!G35 -> 40 | G32: ='MODU 2025'!H35 -> 33 | H32: ='MODU 2025'!I35 -> 41 | I32: ='MODU 2025'!J35 -> 31.25 | J32: ='MODU 2025'!K35 -> 41 | K32: ='MODU 2025'!L35 -> 33 | L32: ='MODU 2025'!M35 -> 41 | M32: ='MODU 2025'!N35 -> 33 | ... BE32: ='MODU 2025'!BF35 -> 33 | BG32: 41 | BH32: 33 | BI32: 41 | BJ32: 33 | BK32: 41 | BL32: 33 | BM32: 41 | BN32: 33 | BO32: 41 | BP32: 33 | BQ32: 41 | BR32: 33 | BS32: 41 | BT32: 33 | BU32: 41 | BV32: 33 | BW32: 41 | BX32: 33 | BY32: 41 | BZ32: 33 | CA32: 41 | CB32: 33 | CC32: 41 | CD32: 33 | CE32: 41 | CF32: 33 | CG32: 41 | CH32: 33 | CI32: 41 | CJ32: 33 | CK32: 41 | CL32: 33 | CM32: 41 | CN32: 33 | CO32: 41 | CP32: 33 | CQ32: 41 | CR32: 33 | CS32: 41 | CT32: 33 | CU32: 41 | CV32: 33 | CW32: 41 | CX32: 33 | CY32: 41 | CZ32: 33 | DA32: 41 | DB32: 33 | DC32: 41 | DD32: 33 | DE32: 41 | DF32: 33 | DH32: =IF( $C32="Production", IF(MOD(COLUMN(),2)=$DH$3,SUM(E32:F32)-SUM(BF32:BG32),0), F32-BG32) -> 0 | DI32: =IF( $C32="Production", IF(MOD(COLUMN(),2)=$DH$3,SUM(F32:G32)-SUM(BG32:BH32),0), G32-BH32) -> -1 | DJ32: =IF( $C32="Production", IF(MOD(COLUMN(),2)=$DH$3,SUM(G32:H32)-SUM(BH32:BI32),0), H32-BI32) -> 0 | DK32: =IF( $C32="Production", IF(MOD(COLUMN(),2)=$DH$3,SUM(H32:I32)-SUM(BI32:BJ32),0), I32-BJ32) -> -1.75 | DL32: =IF( $C32="Production", IF(MOD(COLUMN(),2)=$DH$3,SUM(I32:J32)-SUM(BJ32:BK32),0), J32-BK32) -> 0 | DM32: =IF( $C32="Production", IF(MOD(COLUMN(),2)=$DH$3,SUM(J32:K32)-SUM(BK32:BL32),0), K32-BL32) -> 0 | DN32: =IF( $C32="Production", IF(MOD(COLUMN(),2)=$DH$3,SUM(K32:L32)-SUM(BL32:BM32),0), L32-BM32) -> 0 | DO32: =IF( $C32="Production", IF(MOD(COLUMN(),2)=$DH$3,SUM(L32:M32)-SUM(BM32:BN32),0), M32-BN32) -> 0 | ... FG32: =IF( $C32="Production", IF(MOD(COLUMN(),2)=$DH$3,SUM(BD32:BE32)-SUM(DE32:DF32),0), BE32-DF32) -> 0 | FH32: =SUM(DH32:FG32) -> 1 | FJ32: {=IF($C32="Production", IFERROR(_xlfn.IFS(AND(DH32>0,DH32+SUM(BF32:BG32)<=$FM$3),DH32,AND(DH32>0,DH32+SUM(BF32:BG32)>$FM$3),$FM$3-SUM(BF32:BG32)),0), IFERROR(_xlfn.IFS(AND(DH32>0,DH32+BG32<=$FK$3),DH32,AND(DH32>0,DH32+BG32>$FK$3),0),0) )} -> 0 | FK32: {=IF($C32="Production", IFERROR(_xlfn.IFS(AND(DI32>0,DI32+SUM(BG32:BH32)<=$FM$3),DI32,AND(DI32>0,DI32+SUM(BG32:BH32)>$FM$3),$FM$3-SUM(BG32:BH32)),0), IFERROR(_xlfn.IFS(AND(DI32>0,DI32+BH32<=$FK$3),DI32,AND(DI32>0,DI32+BH32>$FK$3),0),0) )} -> 0 | FL32: {=IF($C32="Production", IFERROR(_xlfn.IFS(AND(DJ32>0,DJ32+SUM(BH32:BI32)<=$FM$3),DJ32,AND(DJ32>0,DJ32+SUM(BH32:BI32)>$FM$3),$FM$3-SUM(BH32:BI32)),0), IFERROR(_xlfn.IFS(AND(DJ32>0,DJ32+BI32<=$FK$3),DJ32,AND(DJ32>0,DJ32+BI32>$FK$3),0),0) )} -> 0 | FM32: {=IF($C32="Production", IFERROR(_xlfn.IFS(AND(DK32>0,DK32+SUM(BI32:BJ32)<=$FM$3),DK32,AND(DK32>0,DK32+SUM(BI32:BJ32)>$FM$3),$FM$3-SUM(BI32:BJ32)),0), IFERROR(_xlfn.IFS(AND(DK32>0,DK32+BJ32<=$FK$3),DK32,AND(DK32>0,DK32+BJ32>$FK$3),0),0) )} -> 0 | FN32: {=IF($C32="Production", IFERROR(_xlfn.IFS(AND(DL32>0,DL32+SUM(BJ32:BK32)<=$FM$3),DL32,AND(DL32>0,DL32+SUM(BJ32:BK32)>$FM$3),$FM$3-SUM(BJ32:BK32)),0), IFERROR(_xlfn.IFS(AND(DL32>0,DL32+BK32<=$FK$3),DL32,AND(DL32>0,DL32+BK32>$FK$3),0),0) )} -> 0 | FO32: {=IF($C32="Production", IFERROR(_xlfn.IFS(AND(DM32>0,DM32+SUM(BK32:BL32)<=$FM$3),DM32,AND(DM32>0,DM32+SUM(BK32:BL32)>$FM$3),$FM$3-SUM(BK32:BL32)),0), IFERROR(_xlfn.IFS(AND(DM32>0,DM32+BL32<=$FK$3),DM32,AND(DM32>0,DM32+BL32>$FK$3),0),0) )} -> 0 | FP32: {=IF($C32="Production", IFERROR(_xlfn.IFS(AND(DN32>0,DN32+SUM(BL32:BM32)<=$FM$3),DN32,AND(DN32>0,DN32+SUM(BL32:BM32)>$FM$3),$FM$3-SUM(BL32:BM32)),0), IFERROR(_xlfn.IFS(AND(DN32>0,DN32+BM32<=$FK$3),DN32,AND(DN32>0,DN32+BM32>$FK$3),0),0) )} -> 0 | FQ32: {=IF($C32="Production", IFERROR(_xlfn.IFS(AND(DO32>0,DO32+SUM(BM32:BN32)<=$FM$3),DO32,AND(DO32>0,DO32+SUM(BM32:BN32)>$FM$3),$FM$3-SUM(BM32:BN32)),0), IFERROR(_xlfn.IFS(AND(DO32>0,DO32+BN32<=$FK$3),DO32,AND(DO32>0,DO32+BN32>$FK$3),0),0) )} -> 0 | ... HI32: {=IF($C32="Production", IFERROR(_xlfn.IFS(AND(FG32>0,FG32+SUM(DE32:DF32)<=$FM$3),FG32,AND(FG32>0,FG32+SUM(DE32:DF32)>$FM$3),$FM$3-SUM(DE32:DF32)),0), IFERROR(_xlfn.IFS(AND(FG32>0,FG32+DF32<=$FK$3),FG32,AND(FG32>0,FG32+DF32>$FK$3),0),0) )} -> 0 | HJ32: =SUM(FJ32:HI32) -> 3.75 | HL32: =IFERROR(IF(FJ32>0,DH32-FJ32,0),0) -> 0 | HM32: =IFERROR(IF(FK32>0,DI32-FK32,0),0) -> 0 | HN32: =IFERROR(IF(FL32>0,DJ32-FL32,0),0) -> 0 | HO32: =IFERROR(IF(FM32>0,DK32-FM32,0),0) -> 0 | HP32: =IFERROR(IF(FN32>0,DL32-FN32,0),0) -> 0 | HQ32: =IFERROR(IF(FO32>0,DM32-FO32,0),0) -> 0 | HR32: =IFERROR(IF(FP32>0,DN32-FP32,0),0) -> 0 | HS32: =IFERROR(IF(FQ32>0,DO32-FQ32,0),0) -> 0 | ... JK32: =IFERROR(IF(HI32>0,FG32-HI32,0),0) -> 0 | JL32: =SUM(HL32:JK32) -> 0 | JO32: =HJ32 -> 3.75 | JP32: =JL32 -> 0 | JQ32: =$JO$4*JO32+$JP$4*JP32 -> 4.6875 | JS32: =SUMIFS(DH32:FG32,DH32:FG32,"<0") -> -2.75 | JU32: =JQ32+JS32 -> 1.9375
B33: ='MODU 2025'!B36 -> PAIN Mélanie | C33: ='MODU 2025'!C36 -> Production | D33: ='MODU 2025'!D36 -> 37 | F33: ='MODU 2025'!G36 -> 41 | G33: ='MODU 2025'!H36 -> 33 | H33: ='MODU 2025'!I36 -> 41 | I33: ='MODU 2025'!J36 -> 33 | J33: 42 | K33: ='MODU 2025'!L36 -> 33 | L33: ='MODU 2025'!M36 -> 41 | M33: ='MODU 2025'!N36 -> 27.75 | N33: ='MODU 2025'!O36 -> 41 | O33: ='MODU 2025'!P36 -> 33 | P33: ='MODU 2025'!Q36 -> 41 | Q33: ='MODU 2025'!R36 -> 33 | R33: ='MODU 2025'!S36 -> 41 | ... BE33: ='MODU 2025'!BF36 -> 33 | BG33: 41 | BH33: 33 | BI33: 41 | BJ33: 33 | BK33: 41 | BL33: 33 | BM33: 41 | BN33: 33 | BO33: 41 | BP33: 33 | BQ33: 41 | BR33: 33 | BS33: 41 | BT33: 33 | BU33: 41 | BV33: 33 | BW33: 41 | BX33: 33 | BY33: 41 | BZ33: 33 | CA33: 41 | CB33: 33 | CC33: 41 | CD33: 33 | CE33: 41 | CF33: 33 | CG33: 41 | CH33: 33 | CI33: 41 | CJ33: 33 | CK33: 41 | CL33: 33 | CM33: 41 | CN33: 33 | CO33: 41 | CP33: 33 | CQ33: 41 | CR33: 33 | CS33: 41 | CT33: 33 | CU33: 41 | CV33: 33 | CW33: 41 | CX33: 33 | CY33: 41 | CZ33: 33 | DA33: 41 | DB33: 33 | DC33: 41 | DD33: 33 | DE33: 41 | DF33: 33 | DH33: =IF( $C33="Production", IF(MOD(COLUMN(),2)=$DH$3,SUM(E33:F33)-SUM(BF33:BG33),0), F33-BG33) -> 0 | DI33: =IF( $C33="Production", IF(MOD(COLUMN(),2)=$DH$3,SUM(F33:G33)-SUM(BG33:BH33),0), G33-BH33) -> 0 | DJ33: =IF( $C33="Production", IF(MOD(COLUMN(),2)=$DH$3,SUM(G33:H33)-SUM(BH33:BI33),0), H33-BI33) -> 0 | DK33: =IF( $C33="Production", IF(MOD(COLUMN(),2)=$DH$3,SUM(H33:I33)-SUM(BI33:BJ33),0), I33-BJ33) -> 0 | DL33: =IF( $C33="Production", IF(MOD(COLUMN(),2)=$DH$3,SUM(I33:J33)-SUM(BJ33:BK33),0), J33-BK33) -> 0 | DM33: =IF( $C33="Production", IF(MOD(COLUMN(),2)=$DH$3,SUM(J33:K33)-SUM(BK33:BL33),0), K33-BL33) -> 1 | DN33: =IF( $C33="Production", IF(MOD(COLUMN(),2)=$DH$3,SUM(K33:L33)-SUM(BL33:BM33),0), L33-BM33) -> 0 | DO33: =IF( $C33="Production", IF(MOD(COLUMN(),2)=$DH$3,SUM(L33:M33)-SUM(BM33:BN33),0), M33-BN33) -> -5.25 | ... FG33: =IF( $C33="Production", IF(MOD(COLUMN(),2)=$DH$3,SUM(BD33:BE33)-SUM(DE33:DF33),0), BE33-DF33) -> 0 | FH33: =SUM(DH33:FG33) -> -4.25 | FJ33: {=IF($C33="Production", IFERROR(_xlfn.IFS(AND(DH33>0,DH33+SUM(BF33:BG33)<=$FM$3),DH33,AND(DH33>0,DH33+SUM(BF33:BG33)>$FM$3),$FM$3-SUM(BF33:BG33)),0), IFERROR(_xlfn.IFS(AND(DH33>0,DH33+BG33<=$FK$3),DH33,AND(DH33>0,DH33+BG33>$FK$3),0),0) )} -> 0 | FK33: {=IF($C33="Production", IFERROR(_xlfn.IFS(AND(DI33>0,DI33+SUM(BG33:BH33)<=$FM$3),DI33,AND(DI33>0,DI33+SUM(BG33:BH33)>$FM$3),$FM$3-SUM(BG33:BH33)),0), IFERROR(_xlfn.IFS(AND(DI33>0,DI33+BH33<=$FK$3),DI33,AND(DI33>0,DI33+BH33>$FK$3),0),0) )} -> 0 | FL33: {=IF($C33="Production", IFERROR(_xlfn.IFS(AND(DJ33>0,DJ33+SUM(BH33:BI33)<=$FM$3),DJ33,AND(DJ33>0,DJ33+SUM(BH33:BI33)>$FM$3),$FM$3-SUM(BH33:BI33)),0), IFERROR(_xlfn.IFS(AND(DJ33>0,DJ33+BI33<=$FK$3),DJ33,AND(DJ33>0,DJ33+BI33>$FK$3),0),0) )} -> 0 | FM33: {=IF($C33="Production", IFERROR(_xlfn.IFS(AND(DK33>0,DK33+SUM(BI33:BJ33)<=$FM$3),DK33,AND(DK33>0,DK33+SUM(BI33:BJ33)>$FM$3),$FM$3-SUM(BI33:BJ33)),0), IFERROR(_xlfn.IFS(AND(DK33>0,DK33+BJ33<=$FK$3),DK33,AND(DK33>0,DK33+BJ33>$FK$3),0),0) )} -> 0 | FN33: {=IF($C33="Production", IFERROR(_xlfn.IFS(AND(DL33>0,DL33+SUM(BJ33:BK33)<=$FM$3),DL33,AND(DL33>0,DL33+SUM(BJ33:BK33)>$FM$3),$FM$3-SUM(BJ33:BK33)),0), IFERROR(_xlfn.IFS(AND(DL33>0,DL33+BK33<=$FK$3),DL33,AND(DL33>0,DL33+BK33>$FK$3),0),0) )} -> 0 | FO33: {=IF($C33="Production", IFERROR(_xlfn.IFS(AND(DM33>0,DM33+SUM(BK33:BL33)<=$FM$3),DM33,AND(DM33>0,DM33+SUM(BK33:BL33)>$FM$3),$FM$3-SUM(BK33:BL33)),0), IFERROR(_xlfn.IFS(AND(DM33>0,DM33+BL33<=$FK$3),DM33,AND(DM33>0,DM33+BL33>$FK$3),0),0) )} -> 1 | FP33: {=IF($C33="Production", IFERROR(_xlfn.IFS(AND(DN33>0,DN33+SUM(BL33:BM33)<=$FM$3),DN33,AND(DN33>0,DN33+SUM(BL33:BM33)>$FM$3),$FM$3-SUM(BL33:BM33)),0), IFERROR(_xlfn.IFS(AND(DN33>0,DN33+BM33<=$FK$3),DN33,AND(DN33>0,DN33+BM33>$FK$3),0),0) )} -> 0 | FQ33: {=IF($C33="Production", IFERROR(_xlfn.IFS(AND(DO33>0,DO33+SUM(BM33:BN33)<=$FM$3),DO33,AND(DO33>0,DO33+SUM(BM33:BN33)>$FM$3),$FM$3-SUM(BM33:BN33)),0), IFERROR(_xlfn.IFS(AND(DO33>0,DO33+BN33<=$FK$3),DO33,AND(DO33>0,DO33+BN33>$FK$3),0),0) )} -> 0 | ... HI33: {=IF($C33="Production", IFERROR(_xlfn.IFS(AND(FG33>0,FG33+SUM(DE33:DF33)<=$FM$3),FG33,AND(FG33>0,FG33+SUM(DE33:DF33)>$FM$3),$FM$3-SUM(DE33:DF33)),0), IFERROR(_xlfn.IFS(AND(FG33>0,FG33+DF33<=$FK$3),FG33,AND(FG33>0,FG33+DF33>$FK$3),0),0) )} -> 0 | HJ33: =SUM(FJ33:HI33) -> 1 | HL33: =IFERROR(IF(FJ33>0,DH33-FJ33,0),0) -> 0 | HM33: =IFERROR(IF(FK33>0,DI33-FK33,0),0) -> 0 | HN33: =IFERROR(IF(FL33>0,DJ33-FL33,0),0) -> 0 | HO33: =IFERROR(IF(FM33>0,DK33-FM33,0),0) -> 0 | HP33: =IFERROR(IF(FN33>0,DL33-FN33,0),0) -> 0 | HQ33: =IFERROR(IF(FO33>0,DM33-FO33,0),0) -> 0 | HR33: =IFERROR(IF(FP33>0,DN33-FP33,0),0) -> 0 | HS33: =IFERROR(IF(FQ33>0,DO33-FQ33,0),0) -> 0 | ... JK33: =IFERROR(IF(HI33>0,FG33-HI33,0),0) -> 0 | JL33: =SUM(HL33:JK33) -> 0 | JO33: =HJ33 -> 1 | JP33: =JL33 -> 0 | JQ33: =$JO$4*JO33+$JP$4*JP33 -> 1.25 | JS33: =SUMIFS(DH33:FG33,DH33:FG33,"<0") -> -5.25 | JU33: =JQ33+JS33 -> -4
B34: ='MODU 2025'!B37 -> PENINGUY Grégory | C34: ='MODU 2025'!C37 -> Production | D34: ='MODU 2025'!D37 -> 37 | F34: ='MODU 2025'!G37 -> 39 | G34: ='MODU 2025'!H37 -> 38 | H34: ='MODU 2025'!I37 -> 40.75 | I34: ='MODU 2025'!J37 -> 33.25 | J34: ='MODU 2025'!K37 -> 41.75 | K34: ='MODU 2025'!L37 -> 33 | L34: ='MODU 2025'!M37 -> 41 | M34: ='MODU 2025'!N37 -> 33 | ... BE34: ='MODU 2025'!BF37 -> 33 | BG34: 33 | BH34: 41 | BI34: 33 | BJ34: 41 | BK34: 33 | BL34: 41 | BM34: 33 | BN34: 41 | BO34: 33 | BP34: 41 | BQ34: 33 | BR34: 41 | BS34: 33 | BT34: 41 | BU34: 33 | BV34: 41 | BW34: 33 | BX34: 41 | BY34: 33 | BZ34: 41 | CA34: 33 | CB34: 41 | CC34: 33 | CD34: 41 | CE34: 33 | CF34: 41 | CG34: 33 | CH34: 41 | CI34: 33 | CJ34: 41 | CK34: 33 | CL34: 41 | CM34: 33 | CN34: 41 | CO34: 33 | CP34: 41 | CQ34: 33 | CR34: 41 | CS34: 33 | CT34: 41 | CU34: 33 | CV34: 41 | CW34: 33 | CX34: 41 | CY34: 33 | CZ34: 41 | DA34: 33 | DB34: 41 | DC34: 33 | DD34: 41 | DE34: 33 | DF34: 41 | DH34: =IF( $C34="Production", IF(MOD(COLUMN(),2)=$DH$3,SUM(E34:F34)-SUM(BF34:BG34),0), F34-BG34) -> 0 | DI34: =IF( $C34="Production", IF(MOD(COLUMN(),2)=$DH$3,SUM(F34:G34)-SUM(BG34:BH34),0), G34-BH34) -> 3 | DJ34: =IF( $C34="Production", IF(MOD(COLUMN(),2)=$DH$3,SUM(G34:H34)-SUM(BH34:BI34),0), H34-BI34) -> 0 | DK34: =IF( $C34="Production", IF(MOD(COLUMN(),2)=$DH$3,SUM(H34:I34)-SUM(BI34:BJ34),0), I34-BJ34) -> 0 | DL34: =IF( $C34="Production", IF(MOD(COLUMN(),2)=$DH$3,SUM(I34:J34)-SUM(BJ34:BK34),0), J34-BK34) -> 0 | DM34: =IF( $C34="Production", IF(MOD(COLUMN(),2)=$DH$3,SUM(J34:K34)-SUM(BK34:BL34),0), K34-BL34) -> 0.75 | DN34: =IF( $C34="Production", IF(MOD(COLUMN(),2)=$DH$3,SUM(K34:L34)-SUM(BL34:BM34),0), L34-BM34) -> 0 | DO34: =IF( $C34="Production", IF(MOD(COLUMN(),2)=$DH$3,SUM(L34:M34)-SUM(BM34:BN34),0), M34-BN34) -> 0 | ... FG34: =IF( $C34="Production", IF(MOD(COLUMN(),2)=$DH$3,SUM(BD34:BE34)-SUM(DE34:DF34),0), BE34-DF34) -> 0 | FH34: =SUM(DH34:FG34) -> 3.75 | FJ34: {=IF($C34="Production", IFERROR(_xlfn.IFS(AND(DH34>0,DH34+SUM(BF34:BG34)<=$FM$3),DH34,AND(DH34>0,DH34+SUM(BF34:BG34)>$FM$3),$FM$3-SUM(BF34:BG34)),0), IFERROR(_xlfn.IFS(AND(DH34>0,DH34+BG34<=$FK$3),DH34,AND(DH34>0,DH34+BG34>$FK$3),0),0) )} -> 0 | FK34: {=IF($C34="Production", IFERROR(_xlfn.IFS(AND(DI34>0,DI34+SUM(BG34:BH34)<=$FM$3),DI34,AND(DI34>0,DI34+SUM(BG34:BH34)>$FM$3),$FM$3-SUM(BG34:BH34)),0), IFERROR(_xlfn.IFS(AND(DI34>0,DI34+BH34<=$FK$3),DI34,AND(DI34>0,DI34+BH34>$FK$3),0),0) )} -> 3 | FL34: {=IF($C34="Production", IFERROR(_xlfn.IFS(AND(DJ34>0,DJ34+SUM(BH34:BI34)<=$FM$3),DJ34,AND(DJ34>0,DJ34+SUM(BH34:BI34)>$FM$3),$FM$3-SUM(BH34:BI34)),0), IFERROR(_xlfn.IFS(AND(DJ34>0,DJ34+BI34<=$FK$3),DJ34,AND(DJ34>0,DJ34+BI34>$FK$3),0),0) )} -> 0 | FM34: {=IF($C34="Production", IFERROR(_xlfn.IFS(AND(DK34>0,DK34+SUM(BI34:BJ34)<=$FM$3),DK34,AND(DK34>0,DK34+SUM(BI34:BJ34)>$FM$3),$FM$3-SUM(BI34:BJ34)),0), IFERROR(_xlfn.IFS(AND(DK34>0,DK34+BJ34<=$FK$3),DK34,AND(DK34>0,DK34+BJ34>$FK$3),0),0) )} -> 0 | FN34: {=IF($C34="Production", IFERROR(_xlfn.IFS(AND(DL34>0,DL34+SUM(BJ34:BK34)<=$FM$3),DL34,AND(DL34>0,DL34+SUM(BJ34:BK34)>$FM$3),$FM$3-SUM(BJ34:BK34)),0), IFERROR(_xlfn.IFS(AND(DL34>0,DL34+BK34<=$FK$3),DL34,AND(DL34>0,DL34+BK34>$FK$3),0),0) )} -> 0 | FO34: {=IF($C34="Production", IFERROR(_xlfn.IFS(AND(DM34>0,DM34+SUM(BK34:BL34)<=$FM$3),DM34,AND(DM34>0,DM34+SUM(BK34:BL34)>$FM$3),$FM$3-SUM(BK34:BL34)),0), IFERROR(_xlfn.IFS(AND(DM34>0,DM34+BL34<=$FK$3),DM34,AND(DM34>0,DM34+BL34>$FK$3),0),0) )} -> 0.75 | FP34: {=IF($C34="Production", IFERROR(_xlfn.IFS(AND(DN34>0,DN34+SUM(BL34:BM34)<=$FM$3),DN34,AND(DN34>0,DN34+SUM(BL34:BM34)>$FM$3),$FM$3-SUM(BL34:BM34)),0), IFERROR(_xlfn.IFS(AND(DN34>0,DN34+BM34<=$FK$3),DN34,AND(DN34>0,DN34+BM34>$FK$3),0),0) )} -> 0 | FQ34: {=IF($C34="Production", IFERROR(_xlfn.IFS(AND(DO34>0,DO34+SUM(BM34:BN34)<=$FM$3),DO34,AND(DO34>0,DO34+SUM(BM34:BN34)>$FM$3),$FM$3-SUM(BM34:BN34)),0), IFERROR(_xlfn.IFS(AND(DO34>0,DO34+BN34<=$FK$3),DO34,AND(DO34>0,DO34+BN34>$FK$3),0),0) )} -> 0 | ... HI34: {=IF($C34="Production", IFERROR(_xlfn.IFS(AND(FG34>0,FG34+SUM(DE34:DF34)<=$FM$3),FG34,AND(FG34>0,FG34+SUM(DE34:DF34)>$FM$3),$FM$3-SUM(DE34:DF34)),0), IFERROR(_xlfn.IFS(AND(FG34>0,FG34+DF34<=$FK$3),FG34,AND(FG34>0,FG34+DF34>$FK$3),0),0) )} -> 0 | HJ34: =SUM(FJ34:HI34) -> 3.75 | HL34: =IFERROR(IF(FJ34>0,DH34-FJ34,0),0) -> 0 | HM34: =IFERROR(IF(FK34>0,DI34-FK34,0),0) -> 0 | HN34: =IFERROR(IF(FL34>0,DJ34-FL34,0),0) -> 0 | HO34: =IFERROR(IF(FM34>0,DK34-FM34,0),0) -> 0 | HP34: =IFERROR(IF(FN34>0,DL34-FN34,0),0) -> 0 | HQ34: =IFERROR(IF(FO34>0,DM34-FO34,0),0) -> 0 | HR34: =IFERROR(IF(FP34>0,DN34-FP34,0),0) -> 0 | HS34: =IFERROR(IF(FQ34>0,DO34-FQ34,0),0) -> 0 | ... JK34: =IFERROR(IF(HI34>0,FG34-HI34,0),0) -> 0 | JL34: =SUM(HL34:JK34) -> 0 | JO34: =HJ34 -> 3.75 | JP34: =JL34 -> 0 | JQ34: =$JO$4*JO34+$JP$4*JP34 -> 4.6875 | JS34: =SUMIFS(DH34:FG34,DH34:FG34,"<0") -> 0 | JU34: =JQ34+JS34 -> 4.6875
B35: ='MODU 2025'!B38 -> RECCHIA Laetitia | C35: ='MODU 2025'!C38 -> Production CE | D35: ='MODU 2025'!D38 -> 39 | F35: ='MODU 2025'!G38 -> 39 | G35: ='MODU 2025'!H38 -> 39 | H35: ='MODU 2025'!I38 -> 39 | I35: ='MODU 2025'!J38 -> 39 | J35: ='MODU 2025'!K38 -> 39 | K35: ='MODU 2025'!L38 -> 39 | L35: ='MODU 2025'!M38 -> 39 | M35: ='MODU 2025'!N38 -> 39 | ... BE35: ='MODU 2025'!BF38 -> 39 | BG35: 39 | BH35: 39 | BI35: 39 | BJ35: 39 | BK35: 39 | BL35: 39 | BM35: 39 | BN35: 39 | BO35: 39 | BP35: 39 | BQ35: 39 | BR35: 39 | BS35: 39 | BT35: 39 | BU35: 39 | BV35: 39 | BW35: 39 | BX35: 39 | BY35: 39 | BZ35: 39 | CA35: 39 | CB35: 39 | CC35: 39 | CD35: 39 | CE35: 39 | CF35: 39 | CG35: 39 | CH35: 39 | CI35: 39 | CJ35: 39 | CK35: 39 | CL35: 39 | CM35: 39 | CN35: 39 | CO35: 39 | CP35: 39 | CQ35: 39 | CR35: 39 | CS35: 39 | CT35: 39 | CU35: 39 | CV35: 39 | CW35: 39 | CX35: 39 | CY35: 39 | CZ35: 39 | DA35: 39 | DB35: 39 | DC35: 39 | DD35: 39 | DE35: 39 | DF35: 39 | DH35: =IF( $C35="Production", IF(MOD(COLUMN(),2)=$DH$3,SUM(E35:F35)-SUM(BF35:BG35),0), F35-BG35) -> 0 | DI35: =IF( $C35="Production", IF(MOD(COLUMN(),2)=$DH$3,SUM(F35:G35)-SUM(BG35:BH35),0), G35-BH35) -> 0 | DJ35: =IF( $C35="Production", IF(MOD(COLUMN(),2)=$DH$3,SUM(G35:H35)-SUM(BH35:BI35),0), H35-BI35) -> 0 | DK35: =IF( $C35="Production", IF(MOD(COLUMN(),2)=$DH$3,SUM(H35:I35)-SUM(BI35:BJ35),0), I35-BJ35) -> 0 | DL35: =IF( $C35="Production", IF(MOD(COLUMN(),2)=$DH$3,SUM(I35:J35)-SUM(BJ35:BK35),0), J35-BK35) -> 0 | DM35: =IF( $C35="Production", IF(MOD(COLUMN(),2)=$DH$3,SUM(J35:K35)-SUM(BK35:BL35),0), K35-BL35) -> 0 | DN35: =IF( $C35="Production", IF(MOD(COLUMN(),2)=$DH$3,SUM(K35:L35)-SUM(BL35:BM35),0), L35-BM35) -> 0 | DO35: =IF( $C35="Production", IF(MOD(COLUMN(),2)=$DH$3,SUM(L35:M35)-SUM(BM35:BN35),0), M35-BN35) -> 0 | ... FG35: =IF( $C35="Production", IF(MOD(COLUMN(),2)=$DH$3,SUM(BD35:BE35)-SUM(DE35:DF35),0), BE35-DF35) -> 0 | FH35: =SUM(DH35:FG35) -> 0 | FJ35: {=IF($C35="Production", IFERROR(_xlfn.IFS(AND(DH35>0,DH35+SUM(BF35:BG35)<=$FM$3),DH35,AND(DH35>0,DH35+SUM(BF35:BG35)>$FM$3),$FM$3-SUM(BF35:BG35)),0), IFERROR(_xlfn.IFS(AND(DH35>0,DH35+BG35<=$FK$3),DH35,AND(DH35>0,DH35+BG35>$FK$3),0),0) )} -> 0 | FK35: {=IF($C35="Production", IFERROR(_xlfn.IFS(AND(DI35>0,DI35+SUM(BG35:BH35)<=$FM$3),DI35,AND(DI35>0,DI35+SUM(BG35:BH35)>$FM$3),$FM$3-SUM(BG35:BH35)),0), IFERROR(_xlfn.IFS(AND(DI35>0,DI35+BH35<=$FK$3),DI35,AND(DI35>0,DI35+BH35>$FK$3),0),0) )} -> 0 | FL35: {=IF($C35="Production", IFERROR(_xlfn.IFS(AND(DJ35>0,DJ35+SUM(BH35:BI35)<=$FM$3),DJ35,AND(DJ35>0,DJ35+SUM(BH35:BI35)>$FM$3),$FM$3-SUM(BH35:BI35)),0), IFERROR(_xlfn.IFS(AND(DJ35>0,DJ35+BI35<=$FK$3),DJ35,AND(DJ35>0,DJ35+BI35>$FK$3),0),0) )} -> 0 | FM35: {=IF($C35="Production", IFERROR(_xlfn.IFS(AND(DK35>0,DK35+SUM(BI35:BJ35)<=$FM$3),DK35,AND(DK35>0,DK35+SUM(BI35:BJ35)>$FM$3),$FM$3-SUM(BI35:BJ35)),0), IFERROR(_xlfn.IFS(AND(DK35>0,DK35+BJ35<=$FK$3),DK35,AND(DK35>0,DK35+BJ35>$FK$3),0),0) )} -> 0 | FN35: {=IF($C35="Production", IFERROR(_xlfn.IFS(AND(DL35>0,DL35+SUM(BJ35:BK35)<=$FM$3),DL35,AND(DL35>0,DL35+SUM(BJ35:BK35)>$FM$3),$FM$3-SUM(BJ35:BK35)),0), IFERROR(_xlfn.IFS(AND(DL35>0,DL35+BK35<=$FK$3),DL35,AND(DL35>0,DL35+BK35>$FK$3),0),0) )} -> 0 | FO35: {=IF($C35="Production", IFERROR(_xlfn.IFS(AND(DM35>0,DM35+SUM(BK35:BL35)<=$FM$3),DM35,AND(DM35>0,DM35+SUM(BK35:BL35)>$FM$3),$FM$3-SUM(BK35:BL35)),0), IFERROR(_xlfn.IFS(AND(DM35>0,DM35+BL35<=$FK$3),DM35,AND(DM35>0,DM35+BL35>$FK$3),0),0) )} -> 0 | FP35: {=IF($C35="Production", IFERROR(_xlfn.IFS(AND(DN35>0,DN35+SUM(BL35:BM35)<=$FM$3),DN35,AND(DN35>0,DN35+SUM(BL35:BM35)>$FM$3),$FM$3-SUM(BL35:BM35)),0), IFERROR(_xlfn.IFS(AND(DN35>0,DN35+BM35<=$FK$3),DN35,AND(DN35>0,DN35+BM35>$FK$3),0),0) )} -> 0 | FQ35: {=IF($C35="Production", IFERROR(_xlfn.IFS(AND(DO35>0,DO35+SUM(BM35:BN35)<=$FM$3),DO35,AND(DO35>0,DO35+SUM(BM35:BN35)>$FM$3),$FM$3-SUM(BM35:BN35)),0), IFERROR(_xlfn.IFS(AND(DO35>0,DO35+BN35<=$FK$3),DO35,AND(DO35>0,DO35+BN35>$FK$3),0),0) )} -> 0 | ... HI35: {=IF($C35="Production", IFERROR(_xlfn.IFS(AND(FG35>0,FG35+SUM(DE35:DF35)<=$FM$3),FG35,AND(FG35>0,FG35+SUM(DE35:DF35)>$FM$3),$FM$3-SUM(DE35:DF35)),0), IFERROR(_xlfn.IFS(AND(FG35>0,FG35+DF35<=$FK$3),FG35,AND(FG35>0,FG35+DF35>$FK$3),0),0) )} -> 0 | HJ35: =SUM(FJ35:HI35) -> 0 | HL35: =IFERROR(IF(FJ35>0,DH35-FJ35,0),0) -> 0 | HM35: =IFERROR(IF(FK35>0,DI35-FK35,0),0) -> 0 | HN35: =IFERROR(IF(FL35>0,DJ35-FL35,0),0) -> 0 | HO35: =IFERROR(IF(FM35>0,DK35-FM35,0),0) -> 0 | HP35: =IFERROR(IF(FN35>0,DL35-FN35,0),0) -> 0 | HQ35: =IFERROR(IF(FO35>0,DM35-FO35,0),0) -> 0 | HR35: =IFERROR(IF(FP35>0,DN35-FP35,0),0) -> 0 | HS35: =IFERROR(IF(FQ35>0,DO35-FQ35,0),0) -> 0 | ... JK35: =IFERROR(IF(HI35>0,FG35-HI35,0),0) -> 0 | JL35: =SUM(HL35:JK35) -> 0 | JO35: =HJ35 -> 0 | JP35: =JL35 -> 0 | JQ35: =$JO$4*JO35+$JP$4*JP35 -> 0 | JS35: =SUMIFS(DH35:FG35,DH35:FG35,"<0") -> 0 | JU35: =JQ35+JS35 -> 0
B36: ='MODU 2025'!B39 -> REMY Ancélia | C36: ='MODU 2025'!C39 -> Production | D36: ='MODU 2025'!D39 -> 37 | F36: ='MODU 2025'!G39 -> 33 | G36: ='MODU 2025'!H39 -> 41 | H36: ='MODU 2025'!I39 -> 33 | I36: ='MODU 2025'!J39 -> 37.25 | J36: ='MODU 2025'!K39 -> 33 | K36: ='MODU 2025'!L39 -> 41 | L36: ='MODU 2025'!M39 -> 33 | M36: ='MODU 2025'!N39 -> 40.75 | ... BE36: ='MODU 2025'!BF39 -> 41 | BG36: 33 | BH36: 41 | BI36: 33 | BJ36: 41 | BK36: 33 | BL36: 41 | BM36: 33 | BN36: 41 | BO36: 33 | BP36: 41 | BQ36: 33 | BR36: 41 | BS36: 33 | BT36: 41 | BU36: 33 | BV36: 41 | BW36: 33 | BX36: 41 | BY36: 33 | BZ36: 41 | CA36: 33 | CB36: 41 | CC36: 33 | CD36: 41 | CE36: 33 | CF36: 41 | CG36: 33 | CH36: 41 | CI36: 33 | CJ36: 41 | CK36: 33 | CL36: 41 | CM36: 33 | CN36: 41 | CO36: 33 | CP36: 41 | CQ36: 33 | CR36: 41 | CS36: 33 | CT36: 41 | CU36: 33 | CV36: 41 | CW36: 33 | CX36: 41 | CY36: 33 | CZ36: 41 | DA36: 33 | DB36: 41 | DC36: 33 | DD36: 41 | DE36: 33 | DF36: 41 | DH36: =IF( $C36="Production", IF(MOD(COLUMN(),2)=$DH$3,SUM(E36:F36)-SUM(BF36:BG36),0), F36-BG36) -> 0 | DI36: =IF( $C36="Production", IF(MOD(COLUMN(),2)=$DH$3,SUM(F36:G36)-SUM(BG36:BH36),0), G36-BH36) -> 0 | DJ36: =IF( $C36="Production", IF(MOD(COLUMN(),2)=$DH$3,SUM(G36:H36)-SUM(BH36:BI36),0), H36-BI36) -> 0 | DK36: =IF( $C36="Production", IF(MOD(COLUMN(),2)=$DH$3,SUM(H36:I36)-SUM(BI36:BJ36),0), I36-BJ36) -> -3.75 | DL36: =IF( $C36="Production", IF(MOD(COLUMN(),2)=$DH$3,SUM(I36:J36)-SUM(BJ36:BK36),0), J36-BK36) -> 0 | DM36: =IF( $C36="Production", IF(MOD(COLUMN(),2)=$DH$3,SUM(J36:K36)-SUM(BK36:BL36),0), K36-BL36) -> 0 | DN36: =IF( $C36="Production", IF(MOD(COLUMN(),2)=$DH$3,SUM(K36:L36)-SUM(BL36:BM36),0), L36-BM36) -> 0 | DO36: =IF( $C36="Production", IF(MOD(COLUMN(),2)=$DH$3,SUM(L36:M36)-SUM(BM36:BN36),0), M36-BN36) -> -0.25 | ... FG36: =IF( $C36="Production", IF(MOD(COLUMN(),2)=$DH$3,SUM(BD36:BE36)-SUM(DE36:DF36),0), BE36-DF36) -> 0 | FH36: =SUM(DH36:FG36) -> -4 | FJ36: {=IF($C36="Production", IFERROR(_xlfn.IFS(AND(DH36>0,DH36+SUM(BF36:BG36)<=$FM$3),DH36,AND(DH36>0,DH36+SUM(BF36:BG36)>$FM$3),$FM$3-SUM(BF36:BG36)),0), IFERROR(_xlfn.IFS(AND(DH36>0,DH36+BG36<=$FK$3),DH36,AND(DH36>0,DH36+BG36>$FK$3),0),0) )} -> 0 | FK36: {=IF($C36="Production", IFERROR(_xlfn.IFS(AND(DI36>0,DI36+SUM(BG36:BH36)<=$FM$3),DI36,AND(DI36>0,DI36+SUM(BG36:BH36)>$FM$3),$FM$3-SUM(BG36:BH36)),0), IFERROR(_xlfn.IFS(AND(DI36>0,DI36+BH36<=$FK$3),DI36,AND(DI36>0,DI36+BH36>$FK$3),0),0) )} -> 0 | FL36: {=IF($C36="Production", IFERROR(_xlfn.IFS(AND(DJ36>0,DJ36+SUM(BH36:BI36)<=$FM$3),DJ36,AND(DJ36>0,DJ36+SUM(BH36:BI36)>$FM$3),$FM$3-SUM(BH36:BI36)),0), IFERROR(_xlfn.IFS(AND(DJ36>0,DJ36+BI36<=$FK$3),DJ36,AND(DJ36>0,DJ36+BI36>$FK$3),0),0) )} -> 0 | FM36: {=IF($C36="Production", IFERROR(_xlfn.IFS(AND(DK36>0,DK36+SUM(BI36:BJ36)<=$FM$3),DK36,AND(DK36>0,DK36+SUM(BI36:BJ36)>$FM$3),$FM$3-SUM(BI36:BJ36)),0), IFERROR(_xlfn.IFS(AND(DK36>0,DK36+BJ36<=$FK$3),DK36,AND(DK36>0,DK36+BJ36>$FK$3),0),0) )} -> 0 | FN36: {=IF($C36="Production", IFERROR(_xlfn.IFS(AND(DL36>0,DL36+SUM(BJ36:BK36)<=$FM$3),DL36,AND(DL36>0,DL36+SUM(BJ36:BK36)>$FM$3),$FM$3-SUM(BJ36:BK36)),0), IFERROR(_xlfn.IFS(AND(DL36>0,DL36+BK36<=$FK$3),DL36,AND(DL36>0,DL36+BK36>$FK$3),0),0) )} -> 0 | FO36: {=IF($C36="Production", IFERROR(_xlfn.IFS(AND(DM36>0,DM36+SUM(BK36:BL36)<=$FM$3),DM36,AND(DM36>0,DM36+SUM(BK36:BL36)>$FM$3),$FM$3-SUM(BK36:BL36)),0), IFERROR(_xlfn.IFS(AND(DM36>0,DM36+BL36<=$FK$3),DM36,AND(DM36>0,DM36+BL36>$FK$3),0),0) )} -> 0 | FP36: {=IF($C36="Production", IFERROR(_xlfn.IFS(AND(DN36>0,DN36+SUM(BL36:BM36)<=$FM$3),DN36,AND(DN36>0,DN36+SUM(BL36:BM36)>$FM$3),$FM$3-SUM(BL36:BM36)),0), IFERROR(_xlfn.IFS(AND(DN36>0,DN36+BM36<=$FK$3),DN36,AND(DN36>0,DN36+BM36>$FK$3),0),0) )} -> 0 | FQ36: {=IF($C36="Production", IFERROR(_xlfn.IFS(AND(DO36>0,DO36+SUM(BM36:BN36)<=$FM$3),DO36,AND(DO36>0,DO36+SUM(BM36:BN36)>$FM$3),$FM$3-SUM(BM36:BN36)),0), IFERROR(_xlfn.IFS(AND(DO36>0,DO36+BN36<=$FK$3),DO36,AND(DO36>0,DO36+BN36>$FK$3),0),0) )} -> 0 | ... HI36: {=IF($C36="Production", IFERROR(_xlfn.IFS(AND(FG36>0,FG36+SUM(DE36:DF36)<=$FM$3),FG36,AND(FG36>0,FG36+SUM(DE36:DF36)>$FM$3),$FM$3-SUM(DE36:DF36)),0), IFERROR(_xlfn.IFS(AND(FG36>0,FG36+DF36<=$FK$3),FG36,AND(FG36>0,FG36+DF36>$FK$3),0),0) )} -> 0 | HJ36: =SUM(FJ36:HI36) -> 0 | HL36: =IFERROR(IF(FJ36>0,DH36-FJ36,0),0) -> 0 | HM36: =IFERROR(IF(FK36>0,DI36-FK36,0),0) -> 0 | HN36: =IFERROR(IF(FL36>0,DJ36-FL36,0),0) -> 0 | HO36: =IFERROR(IF(FM36>0,DK36-FM36,0),0) -> 0 | HP36: =IFERROR(IF(FN36>0,DL36-FN36,0),0) -> 0 | HQ36: =IFERROR(IF(FO36>0,DM36-FO36,0),0) -> 0 | HR36: =IFERROR(IF(FP36>0,DN36-FP36,0),0) -> 0 | HS36: =IFERROR(IF(FQ36>0,DO36-FQ36,0),0) -> 0 | ... JK36: =IFERROR(IF(HI36>0,FG36-HI36,0),0) -> 0 | JL36: =SUM(HL36:JK36) -> 0 | JO36: =HJ36 -> 0 | JP36: =JL36 -> 0 | JQ36: =$JO$4*JO36+$JP$4*JP36 -> 0 | JS36: =SUMIFS(DH36:FG36,DH36:FG36,"<0") -> -4 | JU36: =JQ36+JS36 -> -4
B37: ='MODU 2025'!B40 -> REVERCHON Margarida | C37: ='MODU 2025'!C40 -> Logistique | D37: ='MODU 2025'!D40 -> 39 | F37: ='MODU 2025'!G40 -> 39.75 | G37: ='MODU 2025'!H40 -> 39.25 | H37: ='MODU 2025'!I40 -> 39.75 | I37: ='MODU 2025'!J40 -> 39 | J37: ='MODU 2025'!K40 -> 39.25 | K37: ='MODU 2025'!L40 -> 39 | L37: ='MODU 2025'!M40 -> 39.5 | M37: ='MODU 2025'!N40 -> 39.25 | ... BE37: ='MODU 2025'!BF40 -> 39 | BG37: 39 | BH37: 39 | BI37: 39 | BJ37: 39 | BK37: 39 | BL37: 39 | BM37: 39 | BN37: 39 | BO37: 39 | BP37: 39 | BQ37: 39 | BR37: 39 | BS37: 39 | BT37: 39 | BU37: 39 | BV37: 39 | BW37: 39 | BX37: 39 | BY37: 39 | BZ37: 39 | CA37: 39 | CB37: 39 | CC37: 39 | CD37: 39 | CE37: 39 | CF37: 39 | CG37: 39 | CH37: 39 | CI37: 39 | CJ37: 39 | CK37: 39 | CL37: 39 | CM37: 39 | CN37: 39 | CO37: 39 | CP37: 39 | CQ37: 39 | CR37: 39 | CS37: 39 | CT37: 39 | CU37: 39 | CV37: 39 | CW37: 39 | CX37: 39 | CY37: 39 | CZ37: 39 | DA37: 39 | DB37: 39 | DC37: 39 | DD37: 39 | DE37: 39 | DF37: 39 | DH37: =IF( $C37="Production", IF(MOD(COLUMN(),2)=$DH$3,SUM(E37:F37)-SUM(BF37:BG37),0), F37-BG37) -> 0.75 | DI37: =IF( $C37="Production", IF(MOD(COLUMN(),2)=$DH$3,SUM(F37:G37)-SUM(BG37:BH37),0), G37-BH37) -> 0.25 | DJ37: =IF( $C37="Production", IF(MOD(COLUMN(),2)=$DH$3,SUM(G37:H37)-SUM(BH37:BI37),0), H37-BI37) -> 0.75 | DK37: =IF( $C37="Production", IF(MOD(COLUMN(),2)=$DH$3,SUM(H37:I37)-SUM(BI37:BJ37),0), I37-BJ37) -> 0 | DL37: =IF( $C37="Production", IF(MOD(COLUMN(),2)=$DH$3,SUM(I37:J37)-SUM(BJ37:BK37),0), J37-BK37) -> 0.25 | DM37: =IF( $C37="Production", IF(MOD(COLUMN(),2)=$DH$3,SUM(J37:K37)-SUM(BK37:BL37),0), K37-BL37) -> 0 | DN37: =IF( $C37="Production", IF(MOD(COLUMN(),2)=$DH$3,SUM(K37:L37)-SUM(BL37:BM37),0), L37-BM37) -> 0.5 | DO37: =IF( $C37="Production", IF(MOD(COLUMN(),2)=$DH$3,SUM(L37:M37)-SUM(BM37:BN37),0), M37-BN37) -> 0.25 | ... FG37: =IF( $C37="Production", IF(MOD(COLUMN(),2)=$DH$3,SUM(BD37:BE37)-SUM(DE37:DF37),0), BE37-DF37) -> 0 | FH37: =SUM(DH37:FG37) -> 5 | FJ37: {=IF($C37="Production", IFERROR(_xlfn.IFS(AND(DH37>0,DH37+SUM(BF37:BG37)<=$FM$3),DH37,AND(DH37>0,DH37+SUM(BF37:BG37)>$FM$3),$FM$3-SUM(BF37:BG37)),0), IFERROR(_xlfn.IFS(AND(DH37>0,DH37+BG37<=$FK$3),DH37,AND(DH37>0,DH37+BG37>$FK$3),0),0) )} -> 0.75 | FK37: {=IF($C37="Production", IFERROR(_xlfn.IFS(AND(DI37>0,DI37+SUM(BG37:BH37)<=$FM$3),DI37,AND(DI37>0,DI37+SUM(BG37:BH37)>$FM$3),$FM$3-SUM(BG37:BH37)),0), IFERROR(_xlfn.IFS(AND(DI37>0,DI37+BH37<=$FK$3),DI37,AND(DI37>0,DI37+BH37>$FK$3),0),0) )} -> 0.25 | FL37: {=IF($C37="Production", IFERROR(_xlfn.IFS(AND(DJ37>0,DJ37+SUM(BH37:BI37)<=$FM$3),DJ37,AND(DJ37>0,DJ37+SUM(BH37:BI37)>$FM$3),$FM$3-SUM(BH37:BI37)),0), IFERROR(_xlfn.IFS(AND(DJ37>0,DJ37+BI37<=$FK$3),DJ37,AND(DJ37>0,DJ37+BI37>$FK$3),0),0) )} -> 0.75 | FM37: {=IF($C37="Production", IFERROR(_xlfn.IFS(AND(DK37>0,DK37+SUM(BI37:BJ37)<=$FM$3),DK37,AND(DK37>0,DK37+SUM(BI37:BJ37)>$FM$3),$FM$3-SUM(BI37:BJ37)),0), IFERROR(_xlfn.IFS(AND(DK37>0,DK37+BJ37<=$FK$3),DK37,AND(DK37>0,DK37+BJ37>$FK$3),0),0) )} -> 0 | FN37: {=IF($C37="Production", IFERROR(_xlfn.IFS(AND(DL37>0,DL37+SUM(BJ37:BK37)<=$FM$3),DL37,AND(DL37>0,DL37+SUM(BJ37:BK37)>$FM$3),$FM$3-SUM(BJ37:BK37)),0), IFERROR(_xlfn.IFS(AND(DL37>0,DL37+BK37<=$FK$3),DL37,AND(DL37>0,DL37+BK37>$FK$3),0),0) )} -> 0.25 | FO37: {=IF($C37="Production", IFERROR(_xlfn.IFS(AND(DM37>0,DM37+SUM(BK37:BL37)<=$FM$3),DM37,AND(DM37>0,DM37+SUM(BK37:BL37)>$FM$3),$FM$3-SUM(BK37:BL37)),0), IFERROR(_xlfn.IFS(AND(DM37>0,DM37+BL37<=$FK$3),DM37,AND(DM37>0,DM37+BL37>$FK$3),0),0) )} -> 0 | FP37: {=IF($C37="Production", IFERROR(_xlfn.IFS(AND(DN37>0,DN37+SUM(BL37:BM37)<=$FM$3),DN37,AND(DN37>0,DN37+SUM(BL37:BM37)>$FM$3),$FM$3-SUM(BL37:BM37)),0), IFERROR(_xlfn.IFS(AND(DN37>0,DN37+BM37<=$FK$3),DN37,AND(DN37>0,DN37+BM37>$FK$3),0),0) )} -> 0.5 | FQ37: {=IF($C37="Production", IFERROR(_xlfn.IFS(AND(DO37>0,DO37+SUM(BM37:BN37)<=$FM$3),DO37,AND(DO37>0,DO37+SUM(BM37:BN37)>$FM$3),$FM$3-SUM(BM37:BN37)),0), IFERROR(_xlfn.IFS(AND(DO37>0,DO37+BN37<=$FK$3),DO37,AND(DO37>0,DO37+BN37>$FK$3),0),0) )} -> 0.25 | ... HI37: {=IF($C37="Production", IFERROR(_xlfn.IFS(AND(FG37>0,FG37+SUM(DE37:DF37)<=$FM$3),FG37,AND(FG37>0,FG37+SUM(DE37:DF37)>$FM$3),$FM$3-SUM(DE37:DF37)),0), IFERROR(_xlfn.IFS(AND(FG37>0,FG37+DF37<=$FK$3),FG37,AND(FG37>0,FG37+DF37>$FK$3),0),0) )} -> 0 | HJ37: =SUM(FJ37:HI37) -> 5 | HL37: =IFERROR(IF(FJ37>0,DH37-FJ37,0),0) -> 0 | HM37: =IFERROR(IF(FK37>0,DI37-FK37,0),0) -> 0 | HN37: =IFERROR(IF(FL37>0,DJ37-FL37,0),0) -> 0 | HO37: =IFERROR(IF(FM37>0,DK37-FM37,0),0) -> 0 | HP37: =IFERROR(IF(FN37>0,DL37-FN37,0),0) -> 0 | HQ37: =IFERROR(IF(FO37>0,DM37-FO37,0),0) -> 0 | HR37: =IFERROR(IF(FP37>0,DN37-FP37,0),0) -> 0 | HS37: =IFERROR(IF(FQ37>0,DO37-FQ37,0),0) -> 0 | ... JK37: =IFERROR(IF(HI37>0,FG37-HI37,0),0) -> 0 | JL37: =SUM(HL37:JK37) -> 0 | JO37: =HJ37 -> 5 | JP37: =JL37 -> 0 | JQ37: =$JO$4*JO37+$JP$4*JP37 -> 6.25 | JS37: =SUMIFS(DH37:FG37,DH37:FG37,"<0") -> 0 | JU37: =JQ37+JS37 -> 6.25
B38: ='MODU 2025'!B41 -> REVERDY Mattéo | C38: ='MODU 2025'!C41 -> Production | D38: ='MODU 2025'!D41 -> 37 | F38: ='MODU 2025'!G41 -> 39 | G38: ='MODU 2025'!H41 -> 39 | H38: ='MODU 2025'!I41 -> 39 | I38: ='MODU 2025'!J41 -> 39 | J38: ='MODU 2025'!K41 -> 39 | K38: ='MODU 2025'!L41 -> 39 | L38: ='MODU 2025'!M41 -> 37 | M38: ='MODU 2025'!N41 -> 41 | ... BE38: ='MODU 2025'!BF41 -> 33 | BG38: 33 | BH38: 41 | BI38: 33 | BJ38: 41 | BK38: 33 | BL38: 41 | BM38: 33 | BN38: 41 | BO38: 33 | BP38: 41 | BQ38: 33 | BR38: 41 | BS38: 33 | BT38: 41 | BU38: 33 | BV38: 41 | BW38: 33 | BX38: 41 | BY38: 33 | BZ38: 41 | CA38: 33 | CB38: 41 | CC38: 33 | CD38: 41 | CE38: 33 | CF38: 41 | CG38: 33 | CH38: 41 | CI38: 33 | CJ38: 41 | CK38: 33 | CL38: 41 | CM38: 33 | CN38: 41 | CO38: 33 | CP38: 41 | CQ38: 33 | CR38: 41 | CS38: 33 | CT38: 41 | CU38: 33 | CV38: 41 | CW38: 33 | CX38: 41 | CY38: 33 | CZ38: 41 | DA38: 33 | DB38: 41 | DC38: 33 | DD38: 41 | DE38: 33 | DF38: 41 | DH38: =IF( $C38="Production", IF(MOD(COLUMN(),2)=$DH$3,SUM(E38:F38)-SUM(BF38:BG38),0), F38-BG38) -> 0 | DI38: =IF( $C38="Production", IF(MOD(COLUMN(),2)=$DH$3,SUM(F38:G38)-SUM(BG38:BH38),0), G38-BH38) -> 4 | DJ38: =IF( $C38="Production", IF(MOD(COLUMN(),2)=$DH$3,SUM(G38:H38)-SUM(BH38:BI38),0), H38-BI38) -> 0 | DK38: =IF( $C38="Production", IF(MOD(COLUMN(),2)=$DH$3,SUM(H38:I38)-SUM(BI38:BJ38),0), I38-BJ38) -> 4 | DL38: =IF( $C38="Production", IF(MOD(COLUMN(),2)=$DH$3,SUM(I38:J38)-SUM(BJ38:BK38),0), J38-BK38) -> 0 | DM38: =IF( $C38="Production", IF(MOD(COLUMN(),2)=$DH$3,SUM(J38:K38)-SUM(BK38:BL38),0), K38-BL38) -> 4 | DN38: =IF( $C38="Production", IF(MOD(COLUMN(),2)=$DH$3,SUM(K38:L38)-SUM(BL38:BM38),0), L38-BM38) -> 0 | DO38: =IF( $C38="Production", IF(MOD(COLUMN(),2)=$DH$3,SUM(L38:M38)-SUM(BM38:BN38),0), M38-BN38) -> 4 | ... FG38: =IF( $C38="Production", IF(MOD(COLUMN(),2)=$DH$3,SUM(BD38:BE38)-SUM(DE38:DF38),0), BE38-DF38) -> 0 | FH38: =SUM(DH38:FG38) -> 6.75 | FJ38: {=IF($C38="Production", IFERROR(_xlfn.IFS(AND(DH38>0,DH38+SUM(BF38:BG38)<=$FM$3),DH38,AND(DH38>0,DH38+SUM(BF38:BG38)>$FM$3),$FM$3-SUM(BF38:BG38)),0), IFERROR(_xlfn.IFS(AND(DH38>0,DH38+BG38<=$FK$3),DH38,AND(DH38>0,DH38+BG38>$FK$3),0),0) )} -> 0 | FK38: {=IF($C38="Production", IFERROR(_xlfn.IFS(AND(DI38>0,DI38+SUM(BG38:BH38)<=$FM$3),DI38,AND(DI38>0,DI38+SUM(BG38:BH38)>$FM$3),$FM$3-SUM(BG38:BH38)),0), IFERROR(_xlfn.IFS(AND(DI38>0,DI38+BH38<=$FK$3),DI38,AND(DI38>0,DI38+BH38>$FK$3),0),0) )} -> 4 | FL38: {=IF($C38="Production", IFERROR(_xlfn.IFS(AND(DJ38>0,DJ38+SUM(BH38:BI38)<=$FM$3),DJ38,AND(DJ38>0,DJ38+SUM(BH38:BI38)>$FM$3),$FM$3-SUM(BH38:BI38)),0), IFERROR(_xlfn.IFS(AND(DJ38>0,DJ38+BI38<=$FK$3),DJ38,AND(DJ38>0,DJ38+BI38>$FK$3),0),0) )} -> 0 | FM38: {=IF($C38="Production", IFERROR(_xlfn.IFS(AND(DK38>0,DK38+SUM(BI38:BJ38)<=$FM$3),DK38,AND(DK38>0,DK38+SUM(BI38:BJ38)>$FM$3),$FM$3-SUM(BI38:BJ38)),0), IFERROR(_xlfn.IFS(AND(DK38>0,DK38+BJ38<=$FK$3),DK38,AND(DK38>0,DK38+BJ38>$FK$3),0),0) )} -> 4 | FN38: {=IF($C38="Production", IFERROR(_xlfn.IFS(AND(DL38>0,DL38+SUM(BJ38:BK38)<=$FM$3),DL38,AND(DL38>0,DL38+SUM(BJ38:BK38)>$FM$3),$FM$3-SUM(BJ38:BK38)),0), IFERROR(_xlfn.IFS(AND(DL38>0,DL38+BK38<=$FK$3),DL38,AND(DL38>0,DL38+BK38>$FK$3),0),0) )} -> 0 | FO38: {=IF($C38="Production", IFERROR(_xlfn.IFS(AND(DM38>0,DM38+SUM(BK38:BL38)<=$FM$3),DM38,AND(DM38>0,DM38+SUM(BK38:BL38)>$FM$3),$FM$3-SUM(BK38:BL38)),0), IFERROR(_xlfn.IFS(AND(DM38>0,DM38+BL38<=$FK$3),DM38,AND(DM38>0,DM38+BL38>$FK$3),0),0) )} -> 4 | FP38: {=IF($C38="Production", IFERROR(_xlfn.IFS(AND(DN38>0,DN38+SUM(BL38:BM38)<=$FM$3),DN38,AND(DN38>0,DN38+SUM(BL38:BM38)>$FM$3),$FM$3-SUM(BL38:BM38)),0), IFERROR(_xlfn.IFS(AND(DN38>0,DN38+BM38<=$FK$3),DN38,AND(DN38>0,DN38+BM38>$FK$3),0),0) )} -> 0 | FQ38: {=IF($C38="Production", IFERROR(_xlfn.IFS(AND(DO38>0,DO38+SUM(BM38:BN38)<=$FM$3),DO38,AND(DO38>0,DO38+SUM(BM38:BN38)>$FM$3),$FM$3-SUM(BM38:BN38)),0), IFERROR(_xlfn.IFS(AND(DO38>0,DO38+BN38<=$FK$3),DO38,AND(DO38>0,DO38+BN38>$FK$3),0),0) )} -> 4 | ... HI38: {=IF($C38="Production", IFERROR(_xlfn.IFS(AND(FG38>0,FG38+SUM(DE38:DF38)<=$FM$3),FG38,AND(FG38>0,FG38+SUM(DE38:DF38)>$FM$3),$FM$3-SUM(DE38:DF38)),0), IFERROR(_xlfn.IFS(AND(FG38>0,FG38+DF38<=$FK$3),FG38,AND(FG38>0,FG38+DF38>$FK$3),0),0) )} -> 0 | HJ38: =SUM(FJ38:HI38) -> 16 | HL38: =IFERROR(IF(FJ38>0,DH38-FJ38,0),0) -> 0 | HM38: =IFERROR(IF(FK38>0,DI38-FK38,0),0) -> 0 | HN38: =IFERROR(IF(FL38>0,DJ38-FL38,0),0) -> 0 | HO38: =IFERROR(IF(FM38>0,DK38-FM38,0),0) -> 0 | HP38: =IFERROR(IF(FN38>0,DL38-FN38,0),0) -> 0 | HQ38: =IFERROR(IF(FO38>0,DM38-FO38,0),0) -> 0 | HR38: =IFERROR(IF(FP38>0,DN38-FP38,0),0) -> 0 | HS38: =IFERROR(IF(FQ38>0,DO38-FQ38,0),0) -> 0 | ... JK38: =IFERROR(IF(HI38>0,FG38-HI38,0),0) -> 0 | JL38: =SUM(HL38:JK38) -> 0 | JO38: =HJ38 -> 16 | JP38: =JL38 -> 0 | JQ38: =$JO$4*JO38+$JP$4*JP38 -> 20 | JS38: =SUMIFS(DH38:FG38,DH38:FG38,"<0") -> -9.25 | JU38: =JQ38+JS38 -> 10.75
B39: ='MODU 2025'!B42 -> ROBERT Cécile | C39: ='MODU 2025'!C42 -> Production | D39: ='MODU 2025'!D42 -> 37 | F39: ='MODU 2025'!G42 -> 33 | G39: ='MODU 2025'!H42 -> 41 | H39: ='MODU 2025'!I42 -> 33 | I39: ='MODU 2025'!J42 -> 41.25 | J39: ='MODU 2025'!K42 -> 40.75 | K39: ='MODU 2025'!L42 -> 41.25 | L39: ='MODU 2025'!M42 -> 40.75 | M39: ='MODU 2025'!N42 -> 41 | ... BE39: ='MODU 2025'!BF42 -> 41 | BG39: 33 | BH39: 41 | BI39: 33 | BJ39: 41 | BK39: 33 | BL39: 41 | BM39: 33 | BN39: 41 | BO39: 33 | BP39: 41 | BQ39: 33 | BR39: 41 | BS39: 33 | BT39: 41 | BU39: 33 | BV39: 41 | BW39: 33 | BX39: 41 | BY39: 33 | BZ39: 41 | CA39: 33 | CB39: 41 | CC39: 33 | CD39: 41 | CE39: 33 | CF39: 41 | CG39: 33 | CH39: 41 | CI39: 33 | CJ39: 41 | CK39: 33 | CL39: 41 | CM39: 33 | CN39: 41 | CO39: 33 | CP39: 41 | CQ39: 33 | CR39: 41 | CS39: 33 | CT39: 41 | CU39: 33 | CV39: 41 | CW39: 33 | CX39: 41 | CY39: 33 | CZ39: 41 | DA39: 33 | DB39: 41 | DC39: 33 | DD39: 41 | DE39: 33 | DF39: 41 | DH39: =IF( $C39="Production", IF(MOD(COLUMN(),2)=$DH$3,SUM(E39:F39)-SUM(BF39:BG39),0), F39-BG39) -> 0 | DI39: =IF( $C39="Production", IF(MOD(COLUMN(),2)=$DH$3,SUM(F39:G39)-SUM(BG39:BH39),0), G39-BH39) -> 0 | DJ39: =IF( $C39="Production", IF(MOD(COLUMN(),2)=$DH$3,SUM(G39:H39)-SUM(BH39:BI39),0), H39-BI39) -> 0 | DK39: =IF( $C39="Production", IF(MOD(COLUMN(),2)=$DH$3,SUM(H39:I39)-SUM(BI39:BJ39),0), I39-BJ39) -> 0.25 | DL39: =IF( $C39="Production", IF(MOD(COLUMN(),2)=$DH$3,SUM(I39:J39)-SUM(BJ39:BK39),0), J39-BK39) -> 0 | DM39: =IF( $C39="Production", IF(MOD(COLUMN(),2)=$DH$3,SUM(J39:K39)-SUM(BK39:BL39),0), K39-BL39) -> 8 | DN39: =IF( $C39="Production", IF(MOD(COLUMN(),2)=$DH$3,SUM(K39:L39)-SUM(BL39:BM39),0), L39-BM39) -> 0 | DO39: =IF( $C39="Production", IF(MOD(COLUMN(),2)=$DH$3,SUM(L39:M39)-SUM(BM39:BN39),0), M39-BN39) -> 7.75 | ... FG39: =IF( $C39="Production", IF(MOD(COLUMN(),2)=$DH$3,SUM(BD39:BE39)-SUM(DE39:DF39),0), BE39-DF39) -> 0 | FH39: =SUM(DH39:FG39) -> 16 | FJ39: {=IF($C39="Production", IFERROR(_xlfn.IFS(AND(DH39>0,DH39+SUM(BF39:BG39)<=$FM$3),DH39,AND(DH39>0,DH39+SUM(BF39:BG39)>$FM$3),$FM$3-SUM(BF39:BG39)),0), IFERROR(_xlfn.IFS(AND(DH39>0,DH39+BG39<=$FK$3),DH39,AND(DH39>0,DH39+BG39>$FK$3),0),0) )} -> 0 | FK39: {=IF($C39="Production", IFERROR(_xlfn.IFS(AND(DI39>0,DI39+SUM(BG39:BH39)<=$FM$3),DI39,AND(DI39>0,DI39+SUM(BG39:BH39)>$FM$3),$FM$3-SUM(BG39:BH39)),0), IFERROR(_xlfn.IFS(AND(DI39>0,DI39+BH39<=$FK$3),DI39,AND(DI39>0,DI39+BH39>$FK$3),0),0) )} -> 0 | FL39: {=IF($C39="Production", IFERROR(_xlfn.IFS(AND(DJ39>0,DJ39+SUM(BH39:BI39)<=$FM$3),DJ39,AND(DJ39>0,DJ39+SUM(BH39:BI39)>$FM$3),$FM$3-SUM(BH39:BI39)),0), IFERROR(_xlfn.IFS(AND(DJ39>0,DJ39+BI39<=$FK$3),DJ39,AND(DJ39>0,DJ39+BI39>$FK$3),0),0) )} -> 0 | FM39: {=IF($C39="Production", IFERROR(_xlfn.IFS(AND(DK39>0,DK39+SUM(BI39:BJ39)<=$FM$3),DK39,AND(DK39>0,DK39+SUM(BI39:BJ39)>$FM$3),$FM$3-SUM(BI39:BJ39)),0), IFERROR(_xlfn.IFS(AND(DK39>0,DK39+BJ39<=$FK$3),DK39,AND(DK39>0,DK39+BJ39>$FK$3),0),0) )} -> 0.25 | FN39: {=IF($C39="Production", IFERROR(_xlfn.IFS(AND(DL39>0,DL39+SUM(BJ39:BK39)<=$FM$3),DL39,AND(DL39>0,DL39+SUM(BJ39:BK39)>$FM$3),$FM$3-SUM(BJ39:BK39)),0), IFERROR(_xlfn.IFS(AND(DL39>0,DL39+BK39<=$FK$3),DL39,AND(DL39>0,DL39+BK39>$FK$3),0),0) )} -> 0 | FO39: {=IF($C39="Production", IFERROR(_xlfn.IFS(AND(DM39>0,DM39+SUM(BK39:BL39)<=$FM$3),DM39,AND(DM39>0,DM39+SUM(BK39:BL39)>$FM$3),$FM$3-SUM(BK39:BL39)),0), IFERROR(_xlfn.IFS(AND(DM39>0,DM39+BL39<=$FK$3),DM39,AND(DM39>0,DM39+BL39>$FK$3),0),0) )} -> 8 | FP39: {=IF($C39="Production", IFERROR(_xlfn.IFS(AND(DN39>0,DN39+SUM(BL39:BM39)<=$FM$3),DN39,AND(DN39>0,DN39+SUM(BL39:BM39)>$FM$3),$FM$3-SUM(BL39:BM39)),0), IFERROR(_xlfn.IFS(AND(DN39>0,DN39+BM39<=$FK$3),DN39,AND(DN39>0,DN39+BM39>$FK$3),0),0) )} -> 0 | FQ39: {=IF($C39="Production", IFERROR(_xlfn.IFS(AND(DO39>0,DO39+SUM(BM39:BN39)<=$FM$3),DO39,AND(DO39>0,DO39+SUM(BM39:BN39)>$FM$3),$FM$3-SUM(BM39:BN39)),0), IFERROR(_xlfn.IFS(AND(DO39>0,DO39+BN39<=$FK$3),DO39,AND(DO39>0,DO39+BN39>$FK$3),0),0) )} -> 7.75 | ... HI39: {=IF($C39="Production", IFERROR(_xlfn.IFS(AND(FG39>0,FG39+SUM(DE39:DF39)<=$FM$3),FG39,AND(FG39>0,FG39+SUM(DE39:DF39)>$FM$3),$FM$3-SUM(DE39:DF39)),0), IFERROR(_xlfn.IFS(AND(FG39>0,FG39+DF39<=$FK$3),FG39,AND(FG39>0,FG39+DF39>$FK$3),0),0) )} -> 0 | HJ39: =SUM(FJ39:HI39) -> 16 | HL39: =IFERROR(IF(FJ39>0,DH39-FJ39,0),0) -> 0 | HM39: =IFERROR(IF(FK39>0,DI39-FK39,0),0) -> 0 | HN39: =IFERROR(IF(FL39>0,DJ39-FL39,0),0) -> 0 | HO39: =IFERROR(IF(FM39>0,DK39-FM39,0),0) -> 0 | HP39: =IFERROR(IF(FN39>0,DL39-FN39,0),0) -> 0 | HQ39: =IFERROR(IF(FO39>0,DM39-FO39,0),0) -> 0 | HR39: =IFERROR(IF(FP39>0,DN39-FP39,0),0) -> 0 | HS39: =IFERROR(IF(FQ39>0,DO39-FQ39,0),0) -> 0 | ... JK39: =IFERROR(IF(HI39>0,FG39-HI39,0),0) -> 0 | JL39: =SUM(HL39:JK39) -> 0 | JO39: =HJ39 -> 16 | JP39: =JL39 -> 0 | JQ39: =$JO$4*JO39+$JP$4*JP39 -> 20 | JS39: =SUMIFS(DH39:FG39,DH39:FG39,"<0") -> 0 | JU39: =JQ39+JS39 -> 20
B40: ='MODU 2025'!B43 -> ROSSELLO Yasmina | C40: ='MODU 2025'!C43 -> Production | D40: ='MODU 2025'!D43 -> 37 | F40: ='MODU 2025'!G43 -> 41.25 | G40: ='MODU 2025'!H43 -> 33 | H40: ='MODU 2025'!I43 -> 41 | I40: ='MODU 2025'!J43 -> 33 | J40: ='MODU 2025'!K43 -> 41 | K40: ='MODU 2025'!L43 -> 33 | L40: ='MODU 2025'!M43 -> 41.25 | M40: ='MODU 2025'!N43 -> 40.75 | ... BE40: ='MODU 2025'!BF43 -> 33 | BG40: 41 | BH40: 33 | BI40: 41 | BJ40: 33 | BK40: 41 | BL40: 33 | BM40: 41 | BN40: 33 | BO40: 41 | BP40: 33 | BQ40: 41 | BR40: 33 | BS40: 41 | BT40: 33 | BU40: 41 | BV40: 33 | BW40: 41 | BX40: 33 | BY40: 41 | BZ40: 33 | CA40: 41 | CB40: 33 | CC40: 41 | CD40: 33 | CE40: 41 | CF40: 33 | CG40: 41 | CH40: 33 | CI40: 41 | CJ40: 33 | CK40: 41 | CL40: 33 | CM40: 41 | CN40: 33 | CO40: 41 | CP40: 33 | CQ40: 41 | CR40: 33 | CS40: 41 | CT40: 33 | CU40: 41 | CV40: 33 | CW40: 41 | CX40: 33 | CY40: 41 | CZ40: 33 | DA40: 41 | DB40: 33 | DC40: 41 | DD40: 33 | DE40: 41 | DF40: 33 | DH40: =IF( $C40="Production", IF(MOD(COLUMN(),2)=$DH$3,SUM(E40:F40)-SUM(BF40:BG40),0), F40-BG40) -> 0 | DI40: =IF( $C40="Production", IF(MOD(COLUMN(),2)=$DH$3,SUM(F40:G40)-SUM(BG40:BH40),0), G40-BH40) -> 0.25 | DJ40: =IF( $C40="Production", IF(MOD(COLUMN(),2)=$DH$3,SUM(G40:H40)-SUM(BH40:BI40),0), H40-BI40) -> 0 | DK40: =IF( $C40="Production", IF(MOD(COLUMN(),2)=$DH$3,SUM(H40:I40)-SUM(BI40:BJ40),0), I40-BJ40) -> 0 | DL40: =IF( $C40="Production", IF(MOD(COLUMN(),2)=$DH$3,SUM(I40:J40)-SUM(BJ40:BK40),0), J40-BK40) -> 0 | DM40: =IF( $C40="Production", IF(MOD(COLUMN(),2)=$DH$3,SUM(J40:K40)-SUM(BK40:BL40),0), K40-BL40) -> 0 | DN40: =IF( $C40="Production", IF(MOD(COLUMN(),2)=$DH$3,SUM(K40:L40)-SUM(BL40:BM40),0), L40-BM40) -> 0 | DO40: =IF( $C40="Production", IF(MOD(COLUMN(),2)=$DH$3,SUM(L40:M40)-SUM(BM40:BN40),0), M40-BN40) -> 8 | ... FG40: =IF( $C40="Production", IF(MOD(COLUMN(),2)=$DH$3,SUM(BD40:BE40)-SUM(DE40:DF40),0), BE40-DF40) -> 0 | FH40: =SUM(DH40:FG40) -> 8.5 | FJ40: {=IF($C40="Production", IFERROR(_xlfn.IFS(AND(DH40>0,DH40+SUM(BF40:BG40)<=$FM$3),DH40,AND(DH40>0,DH40+SUM(BF40:BG40)>$FM$3),$FM$3-SUM(BF40:BG40)),0), IFERROR(_xlfn.IFS(AND(DH40>0,DH40+BG40<=$FK$3),DH40,AND(DH40>0,DH40+BG40>$FK$3),0),0) )} -> 0 | FK40: {=IF($C40="Production", IFERROR(_xlfn.IFS(AND(DI40>0,DI40+SUM(BG40:BH40)<=$FM$3),DI40,AND(DI40>0,DI40+SUM(BG40:BH40)>$FM$3),$FM$3-SUM(BG40:BH40)),0), IFERROR(_xlfn.IFS(AND(DI40>0,DI40+BH40<=$FK$3),DI40,AND(DI40>0,DI40+BH40>$FK$3),0),0) )} -> 0.25 | FL40: {=IF($C40="Production", IFERROR(_xlfn.IFS(AND(DJ40>0,DJ40+SUM(BH40:BI40)<=$FM$3),DJ40,AND(DJ40>0,DJ40+SUM(BH40:BI40)>$FM$3),$FM$3-SUM(BH40:BI40)),0), IFERROR(_xlfn.IFS(AND(DJ40>0,DJ40+BI40<=$FK$3),DJ40,AND(DJ40>0,DJ40+BI40>$FK$3),0),0) )} -> 0 | FM40: {=IF($C40="Production", IFERROR(_xlfn.IFS(AND(DK40>0,DK40+SUM(BI40:BJ40)<=$FM$3),DK40,AND(DK40>0,DK40+SUM(BI40:BJ40)>$FM$3),$FM$3-SUM(BI40:BJ40)),0), IFERROR(_xlfn.IFS(AND(DK40>0,DK40+BJ40<=$FK$3),DK40,AND(DK40>0,DK40+BJ40>$FK$3),0),0) )} -> 0 | FN40: {=IF($C40="Production", IFERROR(_xlfn.IFS(AND(DL40>0,DL40+SUM(BJ40:BK40)<=$FM$3),DL40,AND(DL40>0,DL40+SUM(BJ40:BK40)>$FM$3),$FM$3-SUM(BJ40:BK40)),0), IFERROR(_xlfn.IFS(AND(DL40>0,DL40+BK40<=$FK$3),DL40,AND(DL40>0,DL40+BK40>$FK$3),0),0) )} -> 0 | FO40: {=IF($C40="Production", IFERROR(_xlfn.IFS(AND(DM40>0,DM40+SUM(BK40:BL40)<=$FM$3),DM40,AND(DM40>0,DM40+SUM(BK40:BL40)>$FM$3),$FM$3-SUM(BK40:BL40)),0), IFERROR(_xlfn.IFS(AND(DM40>0,DM40+BL40<=$FK$3),DM40,AND(DM40>0,DM40+BL40>$FK$3),0),0) )} -> 0 | FP40: {=IF($C40="Production", IFERROR(_xlfn.IFS(AND(DN40>0,DN40+SUM(BL40:BM40)<=$FM$3),DN40,AND(DN40>0,DN40+SUM(BL40:BM40)>$FM$3),$FM$3-SUM(BL40:BM40)),0), IFERROR(_xlfn.IFS(AND(DN40>0,DN40+BM40<=$FK$3),DN40,AND(DN40>0,DN40+BM40>$FK$3),0),0) )} -> 0 | FQ40: {=IF($C40="Production", IFERROR(_xlfn.IFS(AND(DO40>0,DO40+SUM(BM40:BN40)<=$FM$3),DO40,AND(DO40>0,DO40+SUM(BM40:BN40)>$FM$3),$FM$3-SUM(BM40:BN40)),0), IFERROR(_xlfn.IFS(AND(DO40>0,DO40+BN40<=$FK$3),DO40,AND(DO40>0,DO40+BN40>$FK$3),0),0) )} -> 8 | ... HI40: {=IF($C40="Production", IFERROR(_xlfn.IFS(AND(FG40>0,FG40+SUM(DE40:DF40)<=$FM$3),FG40,AND(FG40>0,FG40+SUM(DE40:DF40)>$FM$3),$FM$3-SUM(DE40:DF40)),0), IFERROR(_xlfn.IFS(AND(FG40>0,FG40+DF40<=$FK$3),FG40,AND(FG40>0,FG40+DF40>$FK$3),0),0) )} -> 0 | HJ40: =SUM(FJ40:HI40) -> 8.5 | HL40: =IFERROR(IF(FJ40>0,DH40-FJ40,0),0) -> 0 | HM40: =IFERROR(IF(FK40>0,DI40-FK40,0),0) -> 0 | HN40: =IFERROR(IF(FL40>0,DJ40-FL40,0),0) -> 0 | HO40: =IFERROR(IF(FM40>0,DK40-FM40,0),0) -> 0 | HP40: =IFERROR(IF(FN40>0,DL40-FN40,0),0) -> 0 | HQ40: =IFERROR(IF(FO40>0,DM40-FO40,0),0) -> 0 | HR40: =IFERROR(IF(FP40>0,DN40-FP40,0),0) -> 0 | HS40: =IFERROR(IF(FQ40>0,DO40-FQ40,0),0) -> 0 | ... JK40: =IFERROR(IF(HI40>0,FG40-HI40,0),0) -> 0 | JL40: =SUM(HL40:JK40) -> 0 | JO40: =HJ40 -> 8.5 | JP40: =JL40 -> 0 | JQ40: =$JO$4*JO40+$JP$4*JP40 -> 10.625 | JS40: =SUMIFS(DH40:FG40,DH40:FG40,"<0") -> 0 | JU40: =JQ40+JS40 -> 10.625
B41: ='MODU 2025'!B44 -> TAMAIN Aline | C41: ='MODU 2025'!C44 -> Production | D41: ='MODU 2025'!D44 -> 37 | F41: ='MODU 2025'!G44 -> 41 | G41: ='MODU 2025'!H44 -> 33 | H41: ='MODU 2025'!I44 -> 37 | I41: ='MODU 2025'!J44 -> 37 | J41: ='MODU 2025'!K44 -> 37 | K41: ='MODU 2025'!L44 -> 37 | L41: ='MODU 2025'!M44 -> 37 | M41: ='MODU 2025'!N44 -> 37 | ... BE41: ='MODU 2025'!BF44 -> 33 | BG41: 41 | BH41: 33 | BI41: 41 | BJ41: 33 | BK41: 41 | BL41: 33 | BM41: 41 | BN41: 33 | BO41: 41 | BP41: 33 | BQ41: 41 | BR41: 33 | BS41: 41 | BT41: 33 | BU41: 41 | BV41: 33 | BW41: 41 | BX41: 33 | BY41: 41 | BZ41: 33 | CA41: 41 | CB41: 33 | CC41: 41 | CD41: 33 | CE41: 41 | CF41: 33 | CG41: 41 | CH41: 33 | CI41: 41 | CJ41: 33 | CK41: 41 | CL41: 33 | CM41: 41 | CN41: 33 | CO41: 41 | CP41: 33 | CQ41: 41 | CR41: 33 | CS41: 41 | CT41: 33 | CU41: 41 | CV41: 33 | CW41: 41 | CX41: 33 | CY41: 41 | CZ41: 33 | DA41: 41 | DB41: 33 | DC41: 41 | DD41: 33 | DE41: 41 | DF41: 33 | DH41: =IF( $C41="Production", IF(MOD(COLUMN(),2)=$DH$3,SUM(E41:F41)-SUM(BF41:BG41),0), F41-BG41) -> 0 | DI41: =IF( $C41="Production", IF(MOD(COLUMN(),2)=$DH$3,SUM(F41:G41)-SUM(BG41:BH41),0), G41-BH41) -> 0 | DJ41: =IF( $C41="Production", IF(MOD(COLUMN(),2)=$DH$3,SUM(G41:H41)-SUM(BH41:BI41),0), H41-BI41) -> 0 | DK41: =IF( $C41="Production", IF(MOD(COLUMN(),2)=$DH$3,SUM(H41:I41)-SUM(BI41:BJ41),0), I41-BJ41) -> 0 | DL41: =IF( $C41="Production", IF(MOD(COLUMN(),2)=$DH$3,SUM(I41:J41)-SUM(BJ41:BK41),0), J41-BK41) -> 0 | DM41: =IF( $C41="Production", IF(MOD(COLUMN(),2)=$DH$3,SUM(J41:K41)-SUM(BK41:BL41),0), K41-BL41) -> 0 | DN41: =IF( $C41="Production", IF(MOD(COLUMN(),2)=$DH$3,SUM(K41:L41)-SUM(BL41:BM41),0), L41-BM41) -> 0 | DO41: =IF( $C41="Production", IF(MOD(COLUMN(),2)=$DH$3,SUM(L41:M41)-SUM(BM41:BN41),0), M41-BN41) -> 0 | ... FG41: =IF( $C41="Production", IF(MOD(COLUMN(),2)=$DH$3,SUM(BD41:BE41)-SUM(DE41:DF41),0), BE41-DF41) -> 0 | FH41: =SUM(DH41:FG41) -> 0 | FJ41: {=IF($C41="Production", IFERROR(_xlfn.IFS(AND(DH41>0,DH41+SUM(BF41:BG41)<=$FM$3),DH41,AND(DH41>0,DH41+SUM(BF41:BG41)>$FM$3),$FM$3-SUM(BF41:BG41)),0), IFERROR(_xlfn.IFS(AND(DH41>0,DH41+BG41<=$FK$3),DH41,AND(DH41>0,DH41+BG41>$FK$3),0),0) )} -> 0 | FK41: {=IF($C41="Production", IFERROR(_xlfn.IFS(AND(DI41>0,DI41+SUM(BG41:BH41)<=$FM$3),DI41,AND(DI41>0,DI41+SUM(BG41:BH41)>$FM$3),$FM$3-SUM(BG41:BH41)),0), IFERROR(_xlfn.IFS(AND(DI41>0,DI41+BH41<=$FK$3),DI41,AND(DI41>0,DI41+BH41>$FK$3),0),0) )} -> 0 | FL41: {=IF($C41="Production", IFERROR(_xlfn.IFS(AND(DJ41>0,DJ41+SUM(BH41:BI41)<=$FM$3),DJ41,AND(DJ41>0,DJ41+SUM(BH41:BI41)>$FM$3),$FM$3-SUM(BH41:BI41)),0), IFERROR(_xlfn.IFS(AND(DJ41>0,DJ41+BI41<=$FK$3),DJ41,AND(DJ41>0,DJ41+BI41>$FK$3),0),0) )} -> 0 | FM41: {=IF($C41="Production", IFERROR(_xlfn.IFS(AND(DK41>0,DK41+SUM(BI41:BJ41)<=$FM$3),DK41,AND(DK41>0,DK41+SUM(BI41:BJ41)>$FM$3),$FM$3-SUM(BI41:BJ41)),0), IFERROR(_xlfn.IFS(AND(DK41>0,DK41+BJ41<=$FK$3),DK41,AND(DK41>0,DK41+BJ41>$FK$3),0),0) )} -> 0 | FN41: {=IF($C41="Production", IFERROR(_xlfn.IFS(AND(DL41>0,DL41+SUM(BJ41:BK41)<=$FM$3),DL41,AND(DL41>0,DL41+SUM(BJ41:BK41)>$FM$3),$FM$3-SUM(BJ41:BK41)),0), IFERROR(_xlfn.IFS(AND(DL41>0,DL41+BK41<=$FK$3),DL41,AND(DL41>0,DL41+BK41>$FK$3),0),0) )} -> 0 | FO41: {=IF($C41="Production", IFERROR(_xlfn.IFS(AND(DM41>0,DM41+SUM(BK41:BL41)<=$FM$3),DM41,AND(DM41>0,DM41+SUM(BK41:BL41)>$FM$3),$FM$3-SUM(BK41:BL41)),0), IFERROR(_xlfn.IFS(AND(DM41>0,DM41+BL41<=$FK$3),DM41,AND(DM41>0,DM41+BL41>$FK$3),0),0) )} -> 0 | FP41: {=IF($C41="Production", IFERROR(_xlfn.IFS(AND(DN41>0,DN41+SUM(BL41:BM41)<=$FM$3),DN41,AND(DN41>0,DN41+SUM(BL41:BM41)>$FM$3),$FM$3-SUM(BL41:BM41)),0), IFERROR(_xlfn.IFS(AND(DN41>0,DN41+BM41<=$FK$3),DN41,AND(DN41>0,DN41+BM41>$FK$3),0),0) )} -> 0 | FQ41: {=IF($C41="Production", IFERROR(_xlfn.IFS(AND(DO41>0,DO41+SUM(BM41:BN41)<=$FM$3),DO41,AND(DO41>0,DO41+SUM(BM41:BN41)>$FM$3),$FM$3-SUM(BM41:BN41)),0), IFERROR(_xlfn.IFS(AND(DO41>0,DO41+BN41<=$FK$3),DO41,AND(DO41>0,DO41+BN41>$FK$3),0),0) )} -> 0 | ... HI41: {=IF($C41="Production", IFERROR(_xlfn.IFS(AND(FG41>0,FG41+SUM(DE41:DF41)<=$FM$3),FG41,AND(FG41>0,FG41+SUM(DE41:DF41)>$FM$3),$FM$3-SUM(DE41:DF41)),0), IFERROR(_xlfn.IFS(AND(FG41>0,FG41+DF41<=$FK$3),FG41,AND(FG41>0,FG41+DF41>$FK$3),0),0) )} -> 0 | HJ41: =SUM(FJ41:HI41) -> 0 | HL41: =IFERROR(IF(FJ41>0,DH41-FJ41,0),0) -> 0 | HM41: =IFERROR(IF(FK41>0,DI41-FK41,0),0) -> 0 | HN41: =IFERROR(IF(FL41>0,DJ41-FL41,0),0) -> 0 | HO41: =IFERROR(IF(FM41>0,DK41-FM41,0),0) -> 0 | HP41: =IFERROR(IF(FN41>0,DL41-FN41,0),0) -> 0 | HQ41: =IFERROR(IF(FO41>0,DM41-FO41,0),0) -> 0 | HR41: =IFERROR(IF(FP41>0,DN41-FP41,0),0) -> 0 | HS41: =IFERROR(IF(FQ41>0,DO41-FQ41,0),0) -> 0 | ... JK41: =IFERROR(IF(HI41>0,FG41-HI41,0),0) -> 0 | JL41: =SUM(HL41:JK41) -> 0 | JO41: =HJ41 -> 0 | JP41: =JL41 -> 0 | JQ41: =$JO$4*JO41+$JP$4*JP41 -> 0 | JS41: =SUMIFS(DH41:FG41,DH41:FG41,"<0") -> 0 | JU41: =JQ41+JS41 -> 0
B42: ='MODU 2025'!B45 -> TORRES Corinne | C42: ='MODU 2025'!C45 -> Production | D42: ='MODU 2025'!D45 -> 37 | F42: ='MODU 2025'!G45 -> 41 | G42: ='MODU 2025'!H45 -> 33 | H42: ='MODU 2025'!I45 -> 41 | I42: ='MODU 2025'!J45 -> 40.75 | J42: ='MODU 2025'!K45 -> 41.25 | K42: ='MODU 2025'!L45 -> 33 | L42: ='MODU 2025'!M45 -> 41 | M42: ='MODU 2025'!N45 -> 40.75 | ... BE42: ='MODU 2025'!BF45 -> 33 | BG42: 41 | BH42: 33 | BI42: 41 | BJ42: 33 | BK42: 41 | BL42: 33 | BM42: 41 | BN42: 33 | BO42: 41 | BP42: 33 | BQ42: 41 | BR42: 33 | BS42: 41 | BT42: 33 | BU42: 41 | BV42: 33 | BW42: 41 | BX42: 33 | BY42: 41 | BZ42: 33 | CA42: 41 | CB42: 33 | CC42: 41 | CD42: 33 | CE42: 41 | CF42: 33 | CG42: 41 | CH42: 33 | CI42: 41 | CJ42: 33 | CK42: 41 | CL42: 33 | CM42: 41 | CN42: 33 | CO42: 41 | CP42: 33 | CQ42: 41 | CR42: 33 | CS42: 41 | CT42: 33 | CU42: 41 | CV42: 33 | CW42: 41 | CX42: 33 | CY42: 41 | CZ42: 33 | DA42: 41 | DB42: 33 | DC42: 41 | DD42: 33 | DE42: 41 | DF42: 33 | DH42: =IF( $C42="Production", IF(MOD(COLUMN(),2)=$DH$3,SUM(E42:F42)-SUM(BF42:BG42),0), F42-BG42) -> 0 | DI42: =IF( $C42="Production", IF(MOD(COLUMN(),2)=$DH$3,SUM(F42:G42)-SUM(BG42:BH42),0), G42-BH42) -> 0 | DJ42: =IF( $C42="Production", IF(MOD(COLUMN(),2)=$DH$3,SUM(G42:H42)-SUM(BH42:BI42),0), H42-BI42) -> 0 | DK42: =IF( $C42="Production", IF(MOD(COLUMN(),2)=$DH$3,SUM(H42:I42)-SUM(BI42:BJ42),0), I42-BJ42) -> 7.75 | DL42: =IF( $C42="Production", IF(MOD(COLUMN(),2)=$DH$3,SUM(I42:J42)-SUM(BJ42:BK42),0), J42-BK42) -> 0 | DM42: =IF( $C42="Production", IF(MOD(COLUMN(),2)=$DH$3,SUM(J42:K42)-SUM(BK42:BL42),0), K42-BL42) -> 0.25 | DN42: =IF( $C42="Production", IF(MOD(COLUMN(),2)=$DH$3,SUM(K42:L42)-SUM(BL42:BM42),0), L42-BM42) -> 0 | DO42: =IF( $C42="Production", IF(MOD(COLUMN(),2)=$DH$3,SUM(L42:M42)-SUM(BM42:BN42),0), M42-BN42) -> 7.75 | ... FG42: =IF( $C42="Production", IF(MOD(COLUMN(),2)=$DH$3,SUM(BD42:BE42)-SUM(DE42:DF42),0), BE42-DF42) -> 0 | FH42: =SUM(DH42:FG42) -> 15.75 | FJ42: {=IF($C42="Production", IFERROR(_xlfn.IFS(AND(DH42>0,DH42+SUM(BF42:BG42)<=$FM$3),DH42,AND(DH42>0,DH42+SUM(BF42:BG42)>$FM$3),$FM$3-SUM(BF42:BG42)),0), IFERROR(_xlfn.IFS(AND(DH42>0,DH42+BG42<=$FK$3),DH42,AND(DH42>0,DH42+BG42>$FK$3),0),0) )} -> 0 | FK42: {=IF($C42="Production", IFERROR(_xlfn.IFS(AND(DI42>0,DI42+SUM(BG42:BH42)<=$FM$3),DI42,AND(DI42>0,DI42+SUM(BG42:BH42)>$FM$3),$FM$3-SUM(BG42:BH42)),0), IFERROR(_xlfn.IFS(AND(DI42>0,DI42+BH42<=$FK$3),DI42,AND(DI42>0,DI42+BH42>$FK$3),0),0) )} -> 0 | FL42: {=IF($C42="Production", IFERROR(_xlfn.IFS(AND(DJ42>0,DJ42+SUM(BH42:BI42)<=$FM$3),DJ42,AND(DJ42>0,DJ42+SUM(BH42:BI42)>$FM$3),$FM$3-SUM(BH42:BI42)),0), IFERROR(_xlfn.IFS(AND(DJ42>0,DJ42+BI42<=$FK$3),DJ42,AND(DJ42>0,DJ42+BI42>$FK$3),0),0) )} -> 0 | FM42: {=IF($C42="Production", IFERROR(_xlfn.IFS(AND(DK42>0,DK42+SUM(BI42:BJ42)<=$FM$3),DK42,AND(DK42>0,DK42+SUM(BI42:BJ42)>$FM$3),$FM$3-SUM(BI42:BJ42)),0), IFERROR(_xlfn.IFS(AND(DK42>0,DK42+BJ42<=$FK$3),DK42,AND(DK42>0,DK42+BJ42>$FK$3),0),0) )} -> 7.75 | FN42: {=IF($C42="Production", IFERROR(_xlfn.IFS(AND(DL42>0,DL42+SUM(BJ42:BK42)<=$FM$3),DL42,AND(DL42>0,DL42+SUM(BJ42:BK42)>$FM$3),$FM$3-SUM(BJ42:BK42)),0), IFERROR(_xlfn.IFS(AND(DL42>0,DL42+BK42<=$FK$3),DL42,AND(DL42>0,DL42+BK42>$FK$3),0),0) )} -> 0 | FO42: {=IF($C42="Production", IFERROR(_xlfn.IFS(AND(DM42>0,DM42+SUM(BK42:BL42)<=$FM$3),DM42,AND(DM42>0,DM42+SUM(BK42:BL42)>$FM$3),$FM$3-SUM(BK42:BL42)),0), IFERROR(_xlfn.IFS(AND(DM42>0,DM42+BL42<=$FK$3),DM42,AND(DM42>0,DM42+BL42>$FK$3),0),0) )} -> 0.25 | FP42: {=IF($C42="Production", IFERROR(_xlfn.IFS(AND(DN42>0,DN42+SUM(BL42:BM42)<=$FM$3),DN42,AND(DN42>0,DN42+SUM(BL42:BM42)>$FM$3),$FM$3-SUM(BL42:BM42)),0), IFERROR(_xlfn.IFS(AND(DN42>0,DN42+BM42<=$FK$3),DN42,AND(DN42>0,DN42+BM42>$FK$3),0),0) )} -> 0 | FQ42: {=IF($C42="Production", IFERROR(_xlfn.IFS(AND(DO42>0,DO42+SUM(BM42:BN42)<=$FM$3),DO42,AND(DO42>0,DO42+SUM(BM42:BN42)>$FM$3),$FM$3-SUM(BM42:BN42)),0), IFERROR(_xlfn.IFS(AND(DO42>0,DO42+BN42<=$FK$3),DO42,AND(DO42>0,DO42+BN42>$FK$3),0),0) )} -> 7.75 | ... HI42: {=IF($C42="Production", IFERROR(_xlfn.IFS(AND(FG42>0,FG42+SUM(DE42:DF42)<=$FM$3),FG42,AND(FG42>0,FG42+SUM(DE42:DF42)>$FM$3),$FM$3-SUM(DE42:DF42)),0), IFERROR(_xlfn.IFS(AND(FG42>0,FG42+DF42<=$FK$3),FG42,AND(FG42>0,FG42+DF42>$FK$3),0),0) )} -> 0 | HJ42: =SUM(FJ42:HI42) -> 15.75 | HL42: =IFERROR(IF(FJ42>0,DH42-FJ42,0),0) -> 0 | HM42: =IFERROR(IF(FK42>0,DI42-FK42,0),0) -> 0 | HN42: =IFERROR(IF(FL42>0,DJ42-FL42,0),0) -> 0 | HO42: =IFERROR(IF(FM42>0,DK42-FM42,0),0) -> 0 | HP42: =IFERROR(IF(FN42>0,DL42-FN42,0),0) -> 0 | HQ42: =IFERROR(IF(FO42>0,DM42-FO42,0),0) -> 0 | HR42: =IFERROR(IF(FP42>0,DN42-FP42,0),0) -> 0 | HS42: =IFERROR(IF(FQ42>0,DO42-FQ42,0),0) -> 0 | ... JK42: =IFERROR(IF(HI42>0,FG42-HI42,0),0) -> 0 | JL42: =SUM(HL42:JK42) -> 0 | JO42: =HJ42 -> 15.75 | JP42: =JL42 -> 0 | JQ42: =$JO$4*JO42+$JP$4*JP42 -> 19.6875 | JS42: =SUMIFS(DH42:FG42,DH42:FG42,"<0") -> 0 | JU42: =JQ42+JS42 -> 19.6875
B43: ='MODU 2025'!B46 -> TROUDi Abdelhamid | C43: ='MODU 2025'!C46 -> Production | D43: ='MODU 2025'!D46 -> 37 | F43: ='MODU 2025'!G46 -> 37 | G43: ='MODU 2025'!H46 -> 37 | H43: ='MODU 2025'!I46 -> 37 | I43: ='MODU 2025'!J46 -> 37 | J43: ='MODU 2025'!K46 -> 37 | K43: ='MODU 2025'!L46 -> 37 | L43: ='MODU 2025'!M46 -> 37 | M43: ='MODU 2025'!N46 -> 37 | ... BE43: ='MODU 2025'!BF46 -> 33 | BG43: 33 | BH43: 41 | BI43: 33 | BJ43: 41 | BK43: 33 | BL43: 41 | BM43: 33 | BN43: 41 | BO43: 33 | BP43: 41 | BQ43: 33 | BR43: 41 | BS43: 33 | BT43: 41 | BU43: 33 | BV43: 41 | BW43: 33 | BX43: 41 | BY43: 33 | BZ43: 41 | CA43: 33 | CB43: 41 | CC43: 33 | CD43: 41 | CE43: 33 | CF43: 41 | CG43: 33 | CH43: 41 | CI43: 33 | CJ43: 41 | CK43: 33 | CL43: 41 | CM43: 33 | CN43: 41 | CO43: 33 | CP43: 41 | CQ43: 33 | CR43: 41 | CS43: 33 | CT43: 41 | CU43: 33 | CV43: 41 | CW43: 33 | CX43: 41 | CY43: 33 | CZ43: 41 | DA43: 33 | DB43: 41 | DC43: 33 | DD43: 41 | DE43: 33 | DF43: 41 | DH43: =IF( $C43="Production", IF(MOD(COLUMN(),2)=$DH$3,SUM(E43:F43)-SUM(BF43:BG43),0), F43-BG43) -> 0 | DI43: =IF( $C43="Production", IF(MOD(COLUMN(),2)=$DH$3,SUM(F43:G43)-SUM(BG43:BH43),0), G43-BH43) -> 0 | DJ43: =IF( $C43="Production", IF(MOD(COLUMN(),2)=$DH$3,SUM(G43:H43)-SUM(BH43:BI43),0), H43-BI43) -> 0 | DK43: =IF( $C43="Production", IF(MOD(COLUMN(),2)=$DH$3,SUM(H43:I43)-SUM(BI43:BJ43),0), I43-BJ43) -> 0 | DL43: =IF( $C43="Production", IF(MOD(COLUMN(),2)=$DH$3,SUM(I43:J43)-SUM(BJ43:BK43),0), J43-BK43) -> 0 | DM43: =IF( $C43="Production", IF(MOD(COLUMN(),2)=$DH$3,SUM(J43:K43)-SUM(BK43:BL43),0), K43-BL43) -> 0 | DN43: =IF( $C43="Production", IF(MOD(COLUMN(),2)=$DH$3,SUM(K43:L43)-SUM(BL43:BM43),0), L43-BM43) -> 0 | DO43: =IF( $C43="Production", IF(MOD(COLUMN(),2)=$DH$3,SUM(L43:M43)-SUM(BM43:BN43),0), M43-BN43) -> 0 | ... FG43: =IF( $C43="Production", IF(MOD(COLUMN(),2)=$DH$3,SUM(BD43:BE43)-SUM(DE43:DF43),0), BE43-DF43) -> 0 | FH43: =SUM(DH43:FG43) -> -4 | FJ43: {=IF($C43="Production", IFERROR(_xlfn.IFS(AND(DH43>0,DH43+SUM(BF43:BG43)<=$FM$3),DH43,AND(DH43>0,DH43+SUM(BF43:BG43)>$FM$3),$FM$3-SUM(BF43:BG43)),0), IFERROR(_xlfn.IFS(AND(DH43>0,DH43+BG43<=$FK$3),DH43,AND(DH43>0,DH43+BG43>$FK$3),0),0) )} -> 0 | FK43: {=IF($C43="Production", IFERROR(_xlfn.IFS(AND(DI43>0,DI43+SUM(BG43:BH43)<=$FM$3),DI43,AND(DI43>0,DI43+SUM(BG43:BH43)>$FM$3),$FM$3-SUM(BG43:BH43)),0), IFERROR(_xlfn.IFS(AND(DI43>0,DI43+BH43<=$FK$3),DI43,AND(DI43>0,DI43+BH43>$FK$3),0),0) )} -> 0 | FL43: {=IF($C43="Production", IFERROR(_xlfn.IFS(AND(DJ43>0,DJ43+SUM(BH43:BI43)<=$FM$3),DJ43,AND(DJ43>0,DJ43+SUM(BH43:BI43)>$FM$3),$FM$3-SUM(BH43:BI43)),0), IFERROR(_xlfn.IFS(AND(DJ43>0,DJ43+BI43<=$FK$3),DJ43,AND(DJ43>0,DJ43+BI43>$FK$3),0),0) )} -> 0 | FM43: {=IF($C43="Production", IFERROR(_xlfn.IFS(AND(DK43>0,DK43+SUM(BI43:BJ43)<=$FM$3),DK43,AND(DK43>0,DK43+SUM(BI43:BJ43)>$FM$3),$FM$3-SUM(BI43:BJ43)),0), IFERROR(_xlfn.IFS(AND(DK43>0,DK43+BJ43<=$FK$3),DK43,AND(DK43>0,DK43+BJ43>$FK$3),0),0) )} -> 0 | FN43: {=IF($C43="Production", IFERROR(_xlfn.IFS(AND(DL43>0,DL43+SUM(BJ43:BK43)<=$FM$3),DL43,AND(DL43>0,DL43+SUM(BJ43:BK43)>$FM$3),$FM$3-SUM(BJ43:BK43)),0), IFERROR(_xlfn.IFS(AND(DL43>0,DL43+BK43<=$FK$3),DL43,AND(DL43>0,DL43+BK43>$FK$3),0),0) )} -> 0 | FO43: {=IF($C43="Production", IFERROR(_xlfn.IFS(AND(DM43>0,DM43+SUM(BK43:BL43)<=$FM$3),DM43,AND(DM43>0,DM43+SUM(BK43:BL43)>$FM$3),$FM$3-SUM(BK43:BL43)),0), IFERROR(_xlfn.IFS(AND(DM43>0,DM43+BL43<=$FK$3),DM43,AND(DM43>0,DM43+BL43>$FK$3),0),0) )} -> 0 | FP43: {=IF($C43="Production", IFERROR(_xlfn.IFS(AND(DN43>0,DN43+SUM(BL43:BM43)<=$FM$3),DN43,AND(DN43>0,DN43+SUM(BL43:BM43)>$FM$3),$FM$3-SUM(BL43:BM43)),0), IFERROR(_xlfn.IFS(AND(DN43>0,DN43+BM43<=$FK$3),DN43,AND(DN43>0,DN43+BM43>$FK$3),0),0) )} -> 0 | FQ43: {=IF($C43="Production", IFERROR(_xlfn.IFS(AND(DO43>0,DO43+SUM(BM43:BN43)<=$FM$3),DO43,AND(DO43>0,DO43+SUM(BM43:BN43)>$FM$3),$FM$3-SUM(BM43:BN43)),0), IFERROR(_xlfn.IFS(AND(DO43>0,DO43+BN43<=$FK$3),DO43,AND(DO43>0,DO43+BN43>$FK$3),0),0) )} -> 0 | ... HI43: {=IF($C43="Production", IFERROR(_xlfn.IFS(AND(FG43>0,FG43+SUM(DE43:DF43)<=$FM$3),FG43,AND(FG43>0,FG43+SUM(DE43:DF43)>$FM$3),$FM$3-SUM(DE43:DF43)),0), IFERROR(_xlfn.IFS(AND(FG43>0,FG43+DF43<=$FK$3),FG43,AND(FG43>0,FG43+DF43>$FK$3),0),0) )} -> 0 | HJ43: =SUM(FJ43:HI43) -> 0 | HL43: =IFERROR(IF(FJ43>0,DH43-FJ43,0),0) -> 0 | HM43: =IFERROR(IF(FK43>0,DI43-FK43,0),0) -> 0 | HN43: =IFERROR(IF(FL43>0,DJ43-FL43,0),0) -> 0 | HO43: =IFERROR(IF(FM43>0,DK43-FM43,0),0) -> 0 | HP43: =IFERROR(IF(FN43>0,DL43-FN43,0),0) -> 0 | HQ43: =IFERROR(IF(FO43>0,DM43-FO43,0),0) -> 0 | HR43: =IFERROR(IF(FP43>0,DN43-FP43,0),0) -> 0 | HS43: =IFERROR(IF(FQ43>0,DO43-FQ43,0),0) -> 0 | ... JK43: =IFERROR(IF(HI43>0,FG43-HI43,0),0) -> 0 | JL43: =SUM(HL43:JK43) -> 0 | JO43: =HJ43 -> 0 | JP43: =JL43 -> 0 | JQ43: =$JO$4*JO43+$JP$4*JP43 -> 0 | JS43: =SUMIFS(DH43:FG43,DH43:FG43,"<0") -> -4 | JU43: =JQ43+JS43 -> -4
B44: ='MODU 2025'!B47 -> VALENTI Dorian | C44: ='MODU 2025'!C47 -> Production | D44: ='MODU 2025'!D47 -> 37 | F44: ='MODU 2025'!G47 -> 38 | G44: ='MODU 2025'!H47 -> 38 | H44: ='MODU 2025'!I47 -> 33 | I44: ='MODU 2025'!J47 -> 41 | J44: ='MODU 2025'!K47 -> 33 | K44: ='MODU 2025'!L47 -> 41 | L44: ='MODU 2025'!M47 -> 37.5 | M44: ='MODU 2025'!N47 -> 41 | ... BE44: ='MODU 2025'!BF47 -> 41 | BG44: 33 | BH44: 41 | BI44: 33 | BJ44: 41 | BK44: 33 | BL44: 41 | BM44: 33 | BN44: 41 | BO44: 33 | BP44: 41 | BQ44: 33 | BR44: 41 | BS44: 33 | BT44: 41 | BU44: 33 | BV44: 41 | BW44: 33 | BX44: 41 | BY44: 33 | BZ44: 41 | CA44: 33 | CB44: 41 | CC44: 33 | CD44: 41 | CE44: 33 | CF44: 41 | CG44: 33 | CH44: 41 | CI44: 33 | CJ44: 41 | CK44: 33 | CL44: 41 | CM44: 33 | CN44: 41 | CO44: 33 | CP44: 41 | CQ44: 33 | CR44: 41 | CS44: 33 | CT44: 41 | CU44: 33 | CV44: 41 | CW44: 33 | CX44: 41 | CY44: 33 | CZ44: 41 | DA44: 33 | DB44: 41 | DC44: 33 | DD44: 41 | DE44: 33 | DF44: 41 | DH44: =IF( $C44="Production", IF(MOD(COLUMN(),2)=$DH$3,SUM(E44:F44)-SUM(BF44:BG44),0), F44-BG44) -> 0 | DI44: =IF( $C44="Production", IF(MOD(COLUMN(),2)=$DH$3,SUM(F44:G44)-SUM(BG44:BH44),0), G44-BH44) -> 2 | DJ44: =IF( $C44="Production", IF(MOD(COLUMN(),2)=$DH$3,SUM(G44:H44)-SUM(BH44:BI44),0), H44-BI44) -> 0 | DK44: =IF( $C44="Production", IF(MOD(COLUMN(),2)=$DH$3,SUM(H44:I44)-SUM(BI44:BJ44),0), I44-BJ44) -> 0 | DL44: =IF( $C44="Production", IF(MOD(COLUMN(),2)=$DH$3,SUM(I44:J44)-SUM(BJ44:BK44),0), J44-BK44) -> 0 | DM44: =IF( $C44="Production", IF(MOD(COLUMN(),2)=$DH$3,SUM(J44:K44)-SUM(BK44:BL44),0), K44-BL44) -> 0 | DN44: =IF( $C44="Production", IF(MOD(COLUMN(),2)=$DH$3,SUM(K44:L44)-SUM(BL44:BM44),0), L44-BM44) -> 0 | DO44: =IF( $C44="Production", IF(MOD(COLUMN(),2)=$DH$3,SUM(L44:M44)-SUM(BM44:BN44),0), M44-BN44) -> 4.5 | ... FG44: =IF( $C44="Production", IF(MOD(COLUMN(),2)=$DH$3,SUM(BD44:BE44)-SUM(DE44:DF44),0), BE44-DF44) -> 0 | FH44: =SUM(DH44:FG44) -> 11 | FJ44: {=IF($C44="Production", IFERROR(_xlfn.IFS(AND(DH44>0,DH44+SUM(BF44:BG44)<=$FM$3),DH44,AND(DH44>0,DH44+SUM(BF44:BG44)>$FM$3),$FM$3-SUM(BF44:BG44)),0), IFERROR(_xlfn.IFS(AND(DH44>0,DH44+BG44<=$FK$3),DH44,AND(DH44>0,DH44+BG44>$FK$3),0),0) )} -> 0 | FK44: {=IF($C44="Production", IFERROR(_xlfn.IFS(AND(DI44>0,DI44+SUM(BG44:BH44)<=$FM$3),DI44,AND(DI44>0,DI44+SUM(BG44:BH44)>$FM$3),$FM$3-SUM(BG44:BH44)),0), IFERROR(_xlfn.IFS(AND(DI44>0,DI44+BH44<=$FK$3),DI44,AND(DI44>0,DI44+BH44>$FK$3),0),0) )} -> 2 | FL44: {=IF($C44="Production", IFERROR(_xlfn.IFS(AND(DJ44>0,DJ44+SUM(BH44:BI44)<=$FM$3),DJ44,AND(DJ44>0,DJ44+SUM(BH44:BI44)>$FM$3),$FM$3-SUM(BH44:BI44)),0), IFERROR(_xlfn.IFS(AND(DJ44>0,DJ44+BI44<=$FK$3),DJ44,AND(DJ44>0,DJ44+BI44>$FK$3),0),0) )} -> 0 | FM44: {=IF($C44="Production", IFERROR(_xlfn.IFS(AND(DK44>0,DK44+SUM(BI44:BJ44)<=$FM$3),DK44,AND(DK44>0,DK44+SUM(BI44:BJ44)>$FM$3),$FM$3-SUM(BI44:BJ44)),0), IFERROR(_xlfn.IFS(AND(DK44>0,DK44+BJ44<=$FK$3),DK44,AND(DK44>0,DK44+BJ44>$FK$3),0),0) )} -> 0 | FN44: {=IF($C44="Production", IFERROR(_xlfn.IFS(AND(DL44>0,DL44+SUM(BJ44:BK44)<=$FM$3),DL44,AND(DL44>0,DL44+SUM(BJ44:BK44)>$FM$3),$FM$3-SUM(BJ44:BK44)),0), IFERROR(_xlfn.IFS(AND(DL44>0,DL44+BK44<=$FK$3),DL44,AND(DL44>0,DL44+BK44>$FK$3),0),0) )} -> 0 | FO44: {=IF($C44="Production", IFERROR(_xlfn.IFS(AND(DM44>0,DM44+SUM(BK44:BL44)<=$FM$3),DM44,AND(DM44>0,DM44+SUM(BK44:BL44)>$FM$3),$FM$3-SUM(BK44:BL44)),0), IFERROR(_xlfn.IFS(AND(DM44>0,DM44+BL44<=$FK$3),DM44,AND(DM44>0,DM44+BL44>$FK$3),0),0) )} -> 0 | FP44: {=IF($C44="Production", IFERROR(_xlfn.IFS(AND(DN44>0,DN44+SUM(BL44:BM44)<=$FM$3),DN44,AND(DN44>0,DN44+SUM(BL44:BM44)>$FM$3),$FM$3-SUM(BL44:BM44)),0), IFERROR(_xlfn.IFS(AND(DN44>0,DN44+BM44<=$FK$3),DN44,AND(DN44>0,DN44+BM44>$FK$3),0),0) )} -> 0 | FQ44: {=IF($C44="Production", IFERROR(_xlfn.IFS(AND(DO44>0,DO44+SUM(BM44:BN44)<=$FM$3),DO44,AND(DO44>0,DO44+SUM(BM44:BN44)>$FM$3),$FM$3-SUM(BM44:BN44)),0), IFERROR(_xlfn.IFS(AND(DO44>0,DO44+BN44<=$FK$3),DO44,AND(DO44>0,DO44+BN44>$FK$3),0),0) )} -> 4.5 | ... HI44: {=IF($C44="Production", IFERROR(_xlfn.IFS(AND(FG44>0,FG44+SUM(DE44:DF44)<=$FM$3),FG44,AND(FG44>0,FG44+SUM(DE44:DF44)>$FM$3),$FM$3-SUM(DE44:DF44)),0), IFERROR(_xlfn.IFS(AND(FG44>0,FG44+DF44<=$FK$3),FG44,AND(FG44>0,FG44+DF44>$FK$3),0),0) )} -> 0 | HJ44: =SUM(FJ44:HI44) -> 11 | HL44: =IFERROR(IF(FJ44>0,DH44-FJ44,0),0) -> 0 | HM44: =IFERROR(IF(FK44>0,DI44-FK44,0),0) -> 0 | HN44: =IFERROR(IF(FL44>0,DJ44-FL44,0),0) -> 0 | HO44: =IFERROR(IF(FM44>0,DK44-FM44,0),0) -> 0 | HP44: =IFERROR(IF(FN44>0,DL44-FN44,0),0) -> 0 | HQ44: =IFERROR(IF(FO44>0,DM44-FO44,0),0) -> 0 | HR44: =IFERROR(IF(FP44>0,DN44-FP44,0),0) -> 0 | HS44: =IFERROR(IF(FQ44>0,DO44-FQ44,0),0) -> 0 | ... JK44: =IFERROR(IF(HI44>0,FG44-HI44,0),0) -> 0 | JL44: =SUM(HL44:JK44) -> 0 | JO44: =HJ44 -> 11 | JP44: =JL44 -> 0 | JQ44: =$JO$4*JO44+$JP$4*JP44 -> 13.75 | JS44: =SUMIFS(DH44:FG44,DH44:FG44,"<0") -> 0 | JU44: =JQ44+JS44 -> 13.75
B45: ='MODU 2025'!B48 -> WALCH Vanessa | C45: ='MODU 2025'!C48 -> Production | D45: ='MODU 2025'!D48 -> 37 | F45: ='MODU 2025'!G48 -> 33 | G45: ='MODU 2025'!H48 -> 41 | H45: ='MODU 2025'!I48 -> 33 | I45: ='MODU 2025'!J48 -> 41.25 | J45: ='MODU 2025'!K48 -> 40.75 | K45: ='MODU 2025'!L48 -> 41.25 | L45: ='MODU 2025'!M48 -> 40.75 | M45: ='MODU 2025'!N48 -> 41.25 | ... BE45: ='MODU 2025'!BF48 -> 41 | BG45: 33 | BH45: 41 | BI45: 33 | BJ45: 41 | BK45: 33 | BL45: 41 | BM45: 33 | BN45: 41 | BO45: 33 | BP45: 41 | BQ45: 33 | BR45: 41 | BS45: 33 | BT45: 41 | BU45: 33 | BV45: 41 | BW45: 33 | BX45: 41 | BY45: 33 | BZ45: 41 | CA45: 33 | CB45: 41 | CC45: 33 | CD45: 41 | CE45: 33 | CF45: 41 | CG45: 33 | CH45: 41 | CI45: 33 | CJ45: 41 | CK45: 33 | CL45: 41 | CM45: 33 | CN45: 41 | CO45: 33 | CP45: 41 | CQ45: 33 | CR45: 41 | CS45: 33 | CT45: 41 | CU45: 33 | CV45: 41 | CW45: 33 | CX45: 41 | CY45: 33 | CZ45: 41 | DA45: 33 | DB45: 41 | DC45: 33 | DD45: 41 | DE45: 33 | DF45: 41 | DH45: =IF( $C45="Production", IF(MOD(COLUMN(),2)=$DH$3,SUM(E45:F45)-SUM(BF45:BG45),0), F45-BG45) -> 0 | DI45: =IF( $C45="Production", IF(MOD(COLUMN(),2)=$DH$3,SUM(F45:G45)-SUM(BG45:BH45),0), G45-BH45) -> 0 | DJ45: =IF( $C45="Production", IF(MOD(COLUMN(),2)=$DH$3,SUM(G45:H45)-SUM(BH45:BI45),0), H45-BI45) -> 0 | DK45: =IF( $C45="Production", IF(MOD(COLUMN(),2)=$DH$3,SUM(H45:I45)-SUM(BI45:BJ45),0), I45-BJ45) -> 0.25 | DL45: =IF( $C45="Production", IF(MOD(COLUMN(),2)=$DH$3,SUM(I45:J45)-SUM(BJ45:BK45),0), J45-BK45) -> 0 | DM45: =IF( $C45="Production", IF(MOD(COLUMN(),2)=$DH$3,SUM(J45:K45)-SUM(BK45:BL45),0), K45-BL45) -> 8 | DN45: =IF( $C45="Production", IF(MOD(COLUMN(),2)=$DH$3,SUM(K45:L45)-SUM(BL45:BM45),0), L45-BM45) -> 0 | DO45: =IF( $C45="Production", IF(MOD(COLUMN(),2)=$DH$3,SUM(L45:M45)-SUM(BM45:BN45),0), M45-BN45) -> 8 | ... FG45: =IF( $C45="Production", IF(MOD(COLUMN(),2)=$DH$3,SUM(BD45:BE45)-SUM(DE45:DF45),0), BE45-DF45) -> 0 | FH45: =SUM(DH45:FG45) -> 24.25 | FJ45: {=IF($C45="Production", IFERROR(_xlfn.IFS(AND(DH45>0,DH45+SUM(BF45:BG45)<=$FM$3),DH45,AND(DH45>0,DH45+SUM(BF45:BG45)>$FM$3),$FM$3-SUM(BF45:BG45)),0), IFERROR(_xlfn.IFS(AND(DH45>0,DH45+BG45<=$FK$3),DH45,AND(DH45>0,DH45+BG45>$FK$3),0),0) )} -> 0 | FK45: {=IF($C45="Production", IFERROR(_xlfn.IFS(AND(DI45>0,DI45+SUM(BG45:BH45)<=$FM$3),DI45,AND(DI45>0,DI45+SUM(BG45:BH45)>$FM$3),$FM$3-SUM(BG45:BH45)),0), IFERROR(_xlfn.IFS(AND(DI45>0,DI45+BH45<=$FK$3),DI45,AND(DI45>0,DI45+BH45>$FK$3),0),0) )} -> 0 | FL45: {=IF($C45="Production", IFERROR(_xlfn.IFS(AND(DJ45>0,DJ45+SUM(BH45:BI45)<=$FM$3),DJ45,AND(DJ45>0,DJ45+SUM(BH45:BI45)>$FM$3),$FM$3-SUM(BH45:BI45)),0), IFERROR(_xlfn.IFS(AND(DJ45>0,DJ45+BI45<=$FK$3),DJ45,AND(DJ45>0,DJ45+BI45>$FK$3),0),0) )} -> 0 | FM45: {=IF($C45="Production", IFERROR(_xlfn.IFS(AND(DK45>0,DK45+SUM(BI45:BJ45)<=$FM$3),DK45,AND(DK45>0,DK45+SUM(BI45:BJ45)>$FM$3),$FM$3-SUM(BI45:BJ45)),0), IFERROR(_xlfn.IFS(AND(DK45>0,DK45+BJ45<=$FK$3),DK45,AND(DK45>0,DK45+BJ45>$FK$3),0),0) )} -> 0.25 | FN45: {=IF($C45="Production", IFERROR(_xlfn.IFS(AND(DL45>0,DL45+SUM(BJ45:BK45)<=$FM$3),DL45,AND(DL45>0,DL45+SUM(BJ45:BK45)>$FM$3),$FM$3-SUM(BJ45:BK45)),0), IFERROR(_xlfn.IFS(AND(DL45>0,DL45+BK45<=$FK$3),DL45,AND(DL45>0,DL45+BK45>$FK$3),0),0) )} -> 0 | FO45: {=IF($C45="Production", IFERROR(_xlfn.IFS(AND(DM45>0,DM45+SUM(BK45:BL45)<=$FM$3),DM45,AND(DM45>0,DM45+SUM(BK45:BL45)>$FM$3),$FM$3-SUM(BK45:BL45)),0), IFERROR(_xlfn.IFS(AND(DM45>0,DM45+BL45<=$FK$3),DM45,AND(DM45>0,DM45+BL45>$FK$3),0),0) )} -> 8 | FP45: {=IF($C45="Production", IFERROR(_xlfn.IFS(AND(DN45>0,DN45+SUM(BL45:BM45)<=$FM$3),DN45,AND(DN45>0,DN45+SUM(BL45:BM45)>$FM$3),$FM$3-SUM(BL45:BM45)),0), IFERROR(_xlfn.IFS(AND(DN45>0,DN45+BM45<=$FK$3),DN45,AND(DN45>0,DN45+BM45>$FK$3),0),0) )} -> 0 | FQ45: {=IF($C45="Production", IFERROR(_xlfn.IFS(AND(DO45>0,DO45+SUM(BM45:BN45)<=$FM$3),DO45,AND(DO45>0,DO45+SUM(BM45:BN45)>$FM$3),$FM$3-SUM(BM45:BN45)),0), IFERROR(_xlfn.IFS(AND(DO45>0,DO45+BN45<=$FK$3),DO45,AND(DO45>0,DO45+BN45>$FK$3),0),0) )} -> 8 | ... HI45: {=IF($C45="Production", IFERROR(_xlfn.IFS(AND(FG45>0,FG45+SUM(DE45:DF45)<=$FM$3),FG45,AND(FG45>0,FG45+SUM(DE45:DF45)>$FM$3),$FM$3-SUM(DE45:DF45)),0), IFERROR(_xlfn.IFS(AND(FG45>0,FG45+DF45<=$FK$3),FG45,AND(FG45>0,FG45+DF45>$FK$3),0),0) )} -> 0 | HJ45: =SUM(FJ45:HI45) -> 24.25 | HL45: =IFERROR(IF(FJ45>0,DH45-FJ45,0),0) -> 0 | HM45: =IFERROR(IF(FK45>0,DI45-FK45,0),0) -> 0 | HN45: =IFERROR(IF(FL45>0,DJ45-FL45,0),0) -> 0 | HO45: =IFERROR(IF(FM45>0,DK45-FM45,0),0) -> 0 | HP45: =IFERROR(IF(FN45>0,DL45-FN45,0),0) -> 0 | HQ45: =IFERROR(IF(FO45>0,DM45-FO45,0),0) -> 0 | HR45: =IFERROR(IF(FP45>0,DN45-FP45,0),0) -> 0 | HS45: =IFERROR(IF(FQ45>0,DO45-FQ45,0),0) -> 0 | ... JK45: =IFERROR(IF(HI45>0,FG45-HI45,0),0) -> 0 | JL45: =SUM(HL45:JK45) -> 0 | JO45: =HJ45 -> 24.25 | JP45: =JL45 -> 0 | JQ45: =$JO$4*JO45+$JP$4*JP45 -> 30.3125 | JS45: =SUMIFS(DH45:FG45,DH45:FG45,"<0") -> 0 | JU45: =JQ45+JS45 -> 30.3125
B46: ='MODU 2025'!B49 -> ZEGHIDI Amel | C46: ='MODU 2025'!C49 -> Production | D46: ='MODU 2025'!D49 -> 37 | F46: ='MODU 2025'!G49 -> 33 | G46: ='MODU 2025'!H49 -> 41 | H46: ='MODU 2025'!I49 -> 33 | I46: ='MODU 2025'!J49 -> 41 | J46: ='MODU 2025'!K49 -> 33 | K46: ='MODU 2025'!L49 -> 41 | L46: ='MODU 2025'!M49 -> 33 | M46: ='MODU 2025'!N49 -> 41 | ... BE46: ='MODU 2025'!BF49 -> 41 | BG46: 33 | BH46: 41 | BI46: 33 | BJ46: 41 | BK46: 33 | BL46: 41 | BM46: 33 | BN46: 41 | BO46: 33 | BP46: 41 | BQ46: 33 | BR46: 41 | BS46: 33 | BT46: 41 | BU46: 33 | BV46: 41 | BW46: 33 | BX46: 41 | BY46: 33 | BZ46: 41 | CA46: 33 | CB46: 41 | CC46: 33 | CD46: 41 | CE46: 33 | CF46: 41 | CG46: 33 | CH46: 41 | CI46: 33 | CJ46: 41 | CK46: 33 | CL46: 41 | CM46: 33 | CN46: 41 | CO46: 33 | CP46: 41 | CQ46: 33 | CR46: 41 | CS46: 33 | CT46: 41 | CU46: 33 | CV46: 41 | CW46: 33 | CX46: 41 | CY46: 33 | CZ46: 41 | DA46: 33 | DB46: 41 | DC46: 33 | DD46: 41 | DE46: 33 | DF46: 41 | DH46: =IF( $C46="Production", IF(MOD(COLUMN(),2)=$DH$3,SUM(E46:F46)-SUM(BF46:BG46),0), F46-BG46) -> 0 | DI46: =IF( $C46="Production", IF(MOD(COLUMN(),2)=$DH$3,SUM(F46:G46)-SUM(BG46:BH46),0), G46-BH46) -> 0 | DJ46: =IF( $C46="Production", IF(MOD(COLUMN(),2)=$DH$3,SUM(G46:H46)-SUM(BH46:BI46),0), H46-BI46) -> 0 | DK46: =IF( $C46="Production", IF(MOD(COLUMN(),2)=$DH$3,SUM(H46:I46)-SUM(BI46:BJ46),0), I46-BJ46) -> 0 | DL46: =IF( $C46="Production", IF(MOD(COLUMN(),2)=$DH$3,SUM(I46:J46)-SUM(BJ46:BK46),0), J46-BK46) -> 0 | DM46: =IF( $C46="Production", IF(MOD(COLUMN(),2)=$DH$3,SUM(J46:K46)-SUM(BK46:BL46),0), K46-BL46) -> 0 | DN46: =IF( $C46="Production", IF(MOD(COLUMN(),2)=$DH$3,SUM(K46:L46)-SUM(BL46:BM46),0), L46-BM46) -> 0 | DO46: =IF( $C46="Production", IF(MOD(COLUMN(),2)=$DH$3,SUM(L46:M46)-SUM(BM46:BN46),0), M46-BN46) -> 0 | ... FG46: =IF( $C46="Production", IF(MOD(COLUMN(),2)=$DH$3,SUM(BD46:BE46)-SUM(DE46:DF46),0), BE46-DF46) -> 0 | FH46: =SUM(DH46:FG46) -> 0 | FJ46: {=IF($C46="Production", IFERROR(_xlfn.IFS(AND(DH46>0,DH46+SUM(BF46:BG46)<=$FM$3),DH46,AND(DH46>0,DH46+SUM(BF46:BG46)>$FM$3),$FM$3-SUM(BF46:BG46)),0), IFERROR(_xlfn.IFS(AND(DH46>0,DH46+BG46<=$FK$3),DH46,AND(DH46>0,DH46+BG46>$FK$3),0),0) )} -> 0 | FK46: {=IF($C46="Production", IFERROR(_xlfn.IFS(AND(DI46>0,DI46+SUM(BG46:BH46)<=$FM$3),DI46,AND(DI46>0,DI46+SUM(BG46:BH46)>$FM$3),$FM$3-SUM(BG46:BH46)),0), IFERROR(_xlfn.IFS(AND(DI46>0,DI46+BH46<=$FK$3),DI46,AND(DI46>0,DI46+BH46>$FK$3),0),0) )} -> 0 | FL46: {=IF($C46="Production", IFERROR(_xlfn.IFS(AND(DJ46>0,DJ46+SUM(BH46:BI46)<=$FM$3),DJ46,AND(DJ46>0,DJ46+SUM(BH46:BI46)>$FM$3),$FM$3-SUM(BH46:BI46)),0), IFERROR(_xlfn.IFS(AND(DJ46>0,DJ46+BI46<=$FK$3),DJ46,AND(DJ46>0,DJ46+BI46>$FK$3),0),0) )} -> 0 | FM46: {=IF($C46="Production", IFERROR(_xlfn.IFS(AND(DK46>0,DK46+SUM(BI46:BJ46)<=$FM$3),DK46,AND(DK46>0,DK46+SUM(BI46:BJ46)>$FM$3),$FM$3-SUM(BI46:BJ46)),0), IFERROR(_xlfn.IFS(AND(DK46>0,DK46+BJ46<=$FK$3),DK46,AND(DK46>0,DK46+BJ46>$FK$3),0),0) )} -> 0 | FN46: {=IF($C46="Production", IFERROR(_xlfn.IFS(AND(DL46>0,DL46+SUM(BJ46:BK46)<=$FM$3),DL46,AND(DL46>0,DL46+SUM(BJ46:BK46)>$FM$3),$FM$3-SUM(BJ46:BK46)),0), IFERROR(_xlfn.IFS(AND(DL46>0,DL46+BK46<=$FK$3),DL46,AND(DL46>0,DL46+BK46>$FK$3),0),0) )} -> 0 | FO46: {=IF($C46="Production", IFERROR(_xlfn.IFS(AND(DM46>0,DM46+SUM(BK46:BL46)<=$FM$3),DM46,AND(DM46>0,DM46+SUM(BK46:BL46)>$FM$3),$FM$3-SUM(BK46:BL46)),0), IFERROR(_xlfn.IFS(AND(DM46>0,DM46+BL46<=$FK$3),DM46,AND(DM46>0,DM46+BL46>$FK$3),0),0) )} -> 0 | FP46: {=IF($C46="Production", IFERROR(_xlfn.IFS(AND(DN46>0,DN46+SUM(BL46:BM46)<=$FM$3),DN46,AND(DN46>0,DN46+SUM(BL46:BM46)>$FM$3),$FM$3-SUM(BL46:BM46)),0), IFERROR(_xlfn.IFS(AND(DN46>0,DN46+BM46<=$FK$3),DN46,AND(DN46>0,DN46+BM46>$FK$3),0),0) )} -> 0 | FQ46: {=IF($C46="Production", IFERROR(_xlfn.IFS(AND(DO46>0,DO46+SUM(BM46:BN46)<=$FM$3),DO46,AND(DO46>0,DO46+SUM(BM46:BN46)>$FM$3),$FM$3-SUM(BM46:BN46)),0), IFERROR(_xlfn.IFS(AND(DO46>0,DO46+BN46<=$FK$3),DO46,AND(DO46>0,DO46+BN46>$FK$3),0),0) )} -> 0 | ... HI46: {=IF($C46="Production", IFERROR(_xlfn.IFS(AND(FG46>0,FG46+SUM(DE46:DF46)<=$FM$3),FG46,AND(FG46>0,FG46+SUM(DE46:DF46)>$FM$3),$FM$3-SUM(DE46:DF46)),0), IFERROR(_xlfn.IFS(AND(FG46>0,FG46+DF46<=$FK$3),FG46,AND(FG46>0,FG46+DF46>$FK$3),0),0) )} -> 0 | HJ46: =SUM(FJ46:HI46) -> 0 | HL46: =IFERROR(IF(FJ46>0,DH46-FJ46,0),0) -> 0 | HM46: =IFERROR(IF(FK46>0,DI46-FK46,0),0) -> 0 | HN46: =IFERROR(IF(FL46>0,DJ46-FL46,0),0) -> 0 | HO46: =IFERROR(IF(FM46>0,DK46-FM46,0),0) -> 0 | HP46: =IFERROR(IF(FN46>0,DL46-FN46,0),0) -> 0 | HQ46: =IFERROR(IF(FO46>0,DM46-FO46,0),0) -> 0 | HR46: =IFERROR(IF(FP46>0,DN46-FP46,0),0) -> 0 | HS46: =IFERROR(IF(FQ46>0,DO46-FQ46,0),0) -> 0 | ... JK46: =IFERROR(IF(HI46>0,FG46-HI46,0),0) -> 0 | JL46: =SUM(HL46:JK46) -> 0 | JO46: =HJ46 -> 0 | JP46: =JL46 -> 0 | JQ46: =$JO$4*JO46+$JP$4*JP46 -> 0 | JS46: =SUMIFS(DH46:FG46,DH46:FG46,"<0") -> 0 | JU46: =JQ46+JS46 -> 0

Sheet MODU 2025
B1: MAJ le 13/03/2025 | D1: MODULATION 2025
BJ2: COMPTEUR MODUL 2025
F3: 45656 | G3: =F4+1 -> 45663 | H3: =G4+1 -> 45670 | I3: =H4+1 -> 45677 | J3: =I4+1 -> 45684 | K3: =J4+1 -> 45691 | L3: =K4+1 -> 45698 | M3: =L4+1 -> 45705 | N3: =M4+1 -> 45712 | ... BF3: =BE4+1 -> 46020 | BJ3: Règle identique pour paiement et récupération : de la 36ème heure à la 42ème heure incluse → majoration de 1.25; à partir de la 43ème heure → majoration de 1.5
F4: =F3+6 -> 45662 | G4: =G3+6 -> 45669 | H4: =H3+6 -> 45676 | I4: =I3+6 -> 45683 | J4: =J3+6 -> 45690 | K4: =K3+6 -> 45697 | L4: =L3+6 -> 45704 | M4: =M3+6 -> 45711 | ... BF4: =BF3+6 -> 46026
F6: =IF(AND(TODAY()>=F3,TODAY()<=F4),1,0) -> 0 | G6: =IF(AND(TODAY()>=G3,TODAY()<=G4),1,0) -> 0 | H6: =IF(AND(TODAY()>=H3,TODAY()<=H4),1,0) -> 0 | I6: =IF(AND(TODAY()>=I3,TODAY()<=I4),1,0) -> 0 | J6: =IF(AND(TODAY()>=J3,TODAY()<=J4),1,0) -> 0 | K6: =IF(AND(TODAY()>=K3,TODAY()<=K4),1,0) -> 0 | L6: =IF(AND(TODAY()>=L3,TODAY()<=L4),1,0) -> 0 | M6: =IF(AND(TODAY()>=M3,TODAY()<=M4),1,0) -> 0 | ... BD6: =IF(AND(TODAY()>=BD3,TODAY()<=BD4),1,0) -> 0 | BF6: =IF(AND(TODAY()>=BF3,TODAY()<=BF4),1,0) -> 0
A7: comparaison avec Feuille du détail | C7: Service | D7: Contrat Base | E7: 2024 | F7: S1 | G7: S2 | H7: S3 | I7: S4 | J7: S5 | K7: S6 | L7: S7 | M7: S8 | N7: S9 | O7: S10 | P7: S11 | Q7: S12 | R7: S13 | S7: S14 | T7: S15 | U7: S16 | V7: S17 | W7: S18 | X7: S19 | Y7: S20 | Z7: S21 | AA7: S22 | AB7: S23 | AC7: S24 | AD7: S25 | AE7: S26 | AF7: S27 | AG7: S28 | AH7: S29 | AI7: S30 | AJ7: S31 | AK7: S32 | AL7: S33 | AM7: S34 | AN7: S35 | AO7: S36 | AP7: S37 | AQ7: S38 | AR7: S39 | AS7: S40 | AT7: S41 | AU7: S42 | AV7: S43 | AW7: S44 | AX7: S45 | AY7: S46 | AZ7: S47 | BA7: S48 | BB7: S49 | BC7: S50 | BD7: S51 | BE7: S52 | BF7: S52+1 | BJ7: NB HEURES MAJORE À 1,25 | BK7: NB HEURES MAJORE À 1,5 | BL7: TOTAL DES HEURES APRES MAJORATION | BM7: NB HEURES PAYEES (MAJORATION PRISE EN COMPTE) | BN7: NB HEURES RECUPEREES SUR COMPTEUR DE 2024 | BO7: NB HEURES RESTANT À RECUPERER (MAJORATION PRISE EN COMPTE) | BQ7: NB HEURE SUP TOTAL ANNUEL
B8: ABDELADIM Adem | C8: Production | D8: 37 | E8: 0 | F8: 39 | G8: 37 | H8: 37 | I8: 37 | J8: 37 | K8: 37 | L8: 41 | M8: 33 | N8: 41 | O8: 33 | P8: 41 | Q8: 33 | R8: 41 | S8: 33 | T8: 41 | U8: 33 | V8: 41 | W8: 33 | X8: 41 | Y8: 33 | Z8: 41 | AA8: 33 | AB8: 41 | AC8: 33 | AD8: 41 | AE8: 33 | AF8: 41 | AG8: 33 | AH8: 41 | AI8: 33 | AJ8: 41 | AK8: 33 | AL8: 41 | AM8: 33 | AN8: 41 | AO8: 33 | AP8: 41 | AQ8: 33 | AR8: 41 | AS8: 33 | AT8: 41 | AU8: 33 | AV8: 41 | AW8: 33 | AX8: 41 | AY8: 33 | AZ8: 41 | BA8: 33 | BB8: 41 | BC8: 33 | BD8: 41 | BE8: 33 | BF8: 41 | BH8: =+B8 -> ABDELADIM Adem | BJ8: ='detail par semaine'!JO5 -> 8 | BK8: ='detail par semaine'!JP5 -> 0 | BL8: ='detail par semaine'!JQ5 -> 10 | BN8: ='detail par semaine'!JS5 -> 0 | BO8: =BL8+E8+BN8-BM8 -> 10 | BQ8: =(52-5)*2+BJ8+BK8 -> 102
B9: ALVES Sylvie | C9: Production CE | D9: 39 | E9: 0 | F9: 39 | G9: 41.5 | H9: 40.5 | I9: 39 | J9: 42.5 | K9: 39 | L9: 40 | M9: 39 | N9: 39 | O9: 40 | P9: 41.5 | Q9: 39 | R9: 39 | S9: 39 | T9: 39 | U9: 39 | V9: 39 | W9: 39 | X9: 39 | Y9: 39 | Z9: 39 | AA9: 39 | AB9: 39 | AC9: 39 | AD9: 39 | AE9: 39 | AF9: 39 | AG9: 39 | AH9: 39 | AI9: 39 | AJ9: 39 | AK9: 39 | AL9: 39 | AM9: 39 | AN9: 39 | AO9: 39 | AP9: 39 | AQ9: 39 | AR9: 39 | AS9: 39 | AT9: 39 | AU9: 39 | AV9: 39 | AW9: 39 | AX9: 39 | AY9: 39 | AZ9: 39 | BA9: 39 | BB9: 39 | BC9: 39 | BD9: 39 | BE9: 39 | BF9: 39 | BH9: =+B9 -> ALVES Sylvie | BJ9: ='detail par semaine'!JO6 -> 12 | BK9: ='detail par semaine'!JP6 -> 0 | BL9: ='detail par semaine'!JQ6 -> 15 | BN9: ='detail par semaine'!JS6 -> 0 | BO9: =BL9+E9+BN9-BM9 -> 15 | BQ9: =(52-5)*2+BJ9+BK9 -> 106
B10: BALLOT Lucas | C10: Production | D10: 37 | E10: 5.625 | F10: 33 | G10: 37 | H10: 37 | I10: 37 | J10: 37 | K10: 37 | L10: 37 | M10: 37 | N10: 37 | O10: 37 | P10: 37 | Q10: 41 | R10: 33 | S10: 41 | T10: 33 | U10: 41 | V10: 33 | W10: 41 | X10: 33 | Y10: 41 | Z10: 33 | AA10: 41 | AB10: 33 | AC10: 41 | AD10: 33 | AE10: 41 | AF10: 33 | AG10: 41 | AH10: 33 | AI10: 41 | AJ10: 33 | AK10: 41 | AL10: 33 | AM10: 41 | AN10: 33 | AO10: 41 | AP10: 33 | AQ10: 41 | AR10: 33 | AS10: 41 | AT10: 33 | AU10: 41 | AV10: 33 | AW10: 41 | AX10: 33 | AY10: 41 | AZ10: 33 | BA10: 41 | BB10: 33 | BC10: 41 | BD10: 33 | BE10: 41 | BF10: 33 | BH10: BALLOT Lucas | BJ10: ='detail par semaine'!JO7 -> 0 | BK10: ='detail par semaine'!JP7 -> 0 | BL10: ='detail par semaine'!JQ7 -> 0 | BN10: ='detail par semaine'!JS7 -> 0 | BO10: =BL10+E10+BN10-BM10 -> 5.625 | BQ10: =(52-5)*2+BJ10+BK10 -> 94
B11: BOLLET DURAFOUR Bérangère | C11: Production | D11: 37 | E11: 2.88 | F11: 32.25 | G11: 41 | H11: 33 | I11: 41 | J11: 33 | K11: 41 | L11: 33 | M11: 41 | N11: 33 | O11: 41 | P11: 33 | Q11: 41 | R11: 33 | S11: 41 | T11: 33 | U11: 41 | V11: 33 | W11: 41 | X11: 33 | Y11: 41 | Z11: 33 | AA11: 41 | AB11: 33 | AC11: 41 | AD11: 33 | AE11: 41 | AF11: 33 | AG11: 41 | AH11: 33 | AI11: 41 | AJ11: 33 | AK11: 41 | AL11: 33 | AM11: 41 | AN11: 33 | AO11: 41 | AP11: 33 | AQ11: 41 | AR11: 33 | AS11: 41 | AT11: 33 | AU11: 41 | AV11: 33 | AW11: 41 | AX11: 33 | AY11: 41 | AZ11: 33 | BA11: 41 | BB11: 33 | BC11: 41 | BD11: 33 | BE11: 41 | BF11: 33 | BH11: BOLLET DURAFOUR Bérangère | BJ11: ='detail par semaine'!JO8 -> 0 | BK11: ='detail par semaine'!JP8 -> 0 | BL11: ='detail par semaine'!JQ8 -> 0 | BN11: ='detail par semaine'!JS8 -> 0 | BO11: =BL11+E11+BN11-BM11 -> 2.88 | BQ11: =(52-5)*2+BJ11+BK11 -> 94
B12: BONNERUE Sandrine | C12: Production | D12: 37 | E12: 0 | F12: 40 | G12: 33 | H12: 41 | I12: 33 | J12: 41 | K12: 33 | L12: 41 | M12: 33 | N12: 40.25 | O12: 40.75 | P12: 41.25 | Q12: 33 | R12: 41 | S12: 33 | T12: 41 | U12: 33 | V12: 41 | W12: 33 | X12: 41 | Y12: 33 | Z12: 41 | AA12: 33 | AB12: 41 | AC12: 33 | AD12: 41 | AE12: 33 | AF12: 41 | AG12: 33 | AH12: 41 | AI12: 33 | AJ12: 41 | AK12: 33 | AL12: 41 | AM12: 33 | AN12: 41 | AO12: 33 | AP12: 41 | AQ12: 33 | AR12: 41 | AS12: 33 | AT12: 41 | AU12: 33 | AV12: 41 | AW12: 33 | AX12: 41 | AY12: 33 | AZ12: 41 | BA12: 33 | BB12: 41 | BC12: 33 | BD12: 41 | BE12: 33 | BF12: 41 | BH12: BONNERUE Sandrine | BJ12: ='detail par semaine'!JO9 -> 8 | BK12: ='detail par semaine'!JP9 -> 0 | BL12: ='detail par semaine'!JQ9 -> 10 | BN12: ='detail par semaine'!JS9 -> -0.75 | BO12: =BL12+E12+BN12-BM12 -> 9.25 | BQ12: =(52-5)*2+BJ12+BK12 -> 102
B13: BOUDIER Laure | C13: Production | D13: 37 | E13: 6.325 | F13: 8.5 | G13: 41 | H13: 33 | I13: 41 | J13: 33 | K13: 41 | L13: 40.75 | M13: 41.25 | N13: 33 | O13: 41 | P13: 33 | Q13: 41 | R13: 33 | S13: 41 | T13: 33 | U13: 41 | V13: 33 | W13: 41 | X13: 33 | Y13: 41 | Z13: 33 | AA13: 41 | AB13: 33 | AC13: 41 | AD13: 33 | AE13: 41 | AF13: 33 | AG13: 41 | AH13: 33 | AI13: 41 | AJ13: 33 | AK13: 41 | AL13: 33 | AM13: 41 | AN13: 33 | AO13: 41 | AP13: 33 | AQ13: 41 | AR13: 33 | AS13: 41 | AT13: 33 | AU13: 41 | AV13: 33 | AW13: 41 | AX13: 33 | AY13: 41 | AZ13: 33 | BA13: 41 | BB13: 33 | BC13: 41 | BD13: 33 | BE13: 41 | BF13: 33 | BH13: BOUDIER Laure | BJ13: ='detail par semaine'!JO10 -> 8 | BK13: ='detail par semaine'!JP10 -> 0 | BL13: ='detail par semaine'!JQ10 -> 10 | BN13: ='detail par semaine'!JS10 -> 0 | BO13: =BL13+E13+BN13-BM13 -> 16.325 | BQ13: =(52-5)*2+BJ13+BK13 -> 102
B14: BOUILLET Dominique | C14: Production | D14: 37 | E14: 12.81 | F14: 41 | G14: 33 | H14: 36.75 | I14: 33 | J14: 41.25 | K14: 40.75 | L14: 41.5 | M14: 40.75 | N14: 41.75 | O14: 40 | P14: 41.75 | Q14: 33 | R14: 41 | S14: 33 | T14: 41 | U14: 33 | V14: 41 | W14: 33 | X14: 41 | Y14: 33 | Z14: 41 | AA14: 33 | AB14: 41 | AC14: 33 | AD14: 41 | AE14: 33 | AF14: 41 | AG14: 33 | AH14: 41 | AI14: 33 | AJ14: 41 | AK14: 33 | AL14: 41 | AM14: 33 | AN14: 41 | AO14: 33 | AP14: 41 | AQ14: 33 | AR14: 41 | AS14: 33 | AT14: 41 | AU14: 33 | AV14: 41 | AW14: 33 | AX14: 41 | AY14: 33 | AZ14: 41 | BA14: 33 | BB14: 41 | BC14: 33 | BD14: 41 | BE14: 33 | BF14: 41 | BH14: BOUILLET Dominique | BJ14: ='detail par semaine'!JO11 -> 24.75 | BK14: ='detail par semaine'!JP11 -> 0 | BL14: ='detail par semaine'!JQ11 -> 30.9375 | BN14: ='detail par semaine'!JS11 -> -4.25 | BO14: =BL14+E14+BN14-BM14 -> 39.4975 | BQ14: =(52-5)*2+BJ14+BK14 -> 118.75
B15: BUFFY Stéphanie | C15: Production | D15: 37 | E15: 5.87 | F15: 41 | G15: 33 | H15: 41 | I15: 33 | J15: 39.5 | K15: 33 | L15: 42 | M15: 33 | N15: 40 | O15: 40.75 | P15: 41 | Q15: 33 | R15: 41 | S15: 33 | T15: 41 | U15: 33 | V15: 41 | W15: 33 | X15: 41 | Y15: 33 | Z15: 41 | AA15: 33 | AB15: 41 | AC15: 33 | AD15: 41 | AE15: 33 | AF15: 41 | AG15: 33 | AH15: 41 | AI15: 33 | AJ15: 41 | AK15: 33 | AL15: 41 | AM15: 33 | AN15: 41 | AO15: 33 | AP15: 41 | AQ15: 33 | AR15: 41 | AS15: 33 | AT15: 41 | AU15: 33 | AV15: 41 | AW15: 33 | AX15: 41 | AY15: 33 | AZ15: 41 | BA15: 33 | BB15: 41 | BC15: 33 | BD15: 41 | BE15: 33 | BF15: 41 | BH15: BUFFY Stéphanie | BJ15: ='detail par semaine'!JO12 -> 8.75 | BK15: ='detail par semaine'!JP12 -> 0 | BL15: ='detail par semaine'!JQ12 -> 10.9375 | BN15: ='detail par semaine'!JS12 -> -2.5 | BO15: =BL15+E15+BN15-BM15 -> 14.3075 | BQ15: =(52-5)*2+BJ15+BK15 -> 102.75
B16: BUISSON Cassandra | C16: Production | D16: 28 | E16: 0 | F16: 41 | G16: 37 | H16: 41 | I16: 29.25 | J16: 41 | K16: 33 | L16: 41 | M16: 33 | N16: 41.25 | O16: 20 | P16: 36 | Q16: 20 | R16: 36 | S16: 20 | T16: 36 | U16: 20 | V16: 36 | W16: 20 | X16: 36 | Y16: 20 | Z16: 36 | AA16: 20 | AB16: 36 | AC16: 20 | AD16: 36 | AE16: 20 | AF16: 36 | AG16: 20 | AH16: 36 | AI16: 20 | AJ16: 36 | AK16: 20 | AL16: 36 | AM16: 20 | AN16: 36 | AO16: 20 | AP16: 36 | AQ16: 20 | AR16: 36 | AS16: 20 | AT16: 36 | AU16: 20 | AV16: 36 | AW16: 20 | AX16: 36 | AY16: 20 | AZ16: 36 | BA16: 20 | BB16: 36 | BC16: 20 | BD16: 36 | BE16: 20 | BF16: 36 | BH16: BUISSON Cassandra | BJ16: ='detail par semaine'!JO13 -> 4.25 | BK16: ='detail par semaine'!JP13 -> 0 | BL16: ='detail par semaine'!JQ13 -> 5.3125 | BN16: ='detail par semaine'!JS13 -> -3.75 | BO16: =BL16+E16+BN16-BM16 -> 1.5625 | BQ16: =(52-5)*2+BJ16+BK16 -> 98.25
B17: CANU Jason | C17: Production | D17: 37 | E17: 0 | F17: 41 | G17: 33 | H17: 41 | I17: 33 | J17: 41 | K17: 33 | L17: 32.75 | M17: 37.5 | N17: 41 | O17: 37.5 | P17: 41.25 | Q17: 33 | R17: 41 | S17: 33 | T17: 41 | U17: 33 | V17: 41 | W17: 33 | X17: 41 | Y17: 33 | Z17: 41 | AA17: 33 | AB17: 41 | AC17: 33 | AD17: 41 | AE17: 33 | AF17: 41 | AG17: 33 | AH17: 41 | AI17: 33 | AJ17: 41 | AK17: 33 | AL17: 41 | AM17: 33 | AN17: 41 | AO17: 33 | AP17: 41 | AQ17: 33 | AR17: 41 | AS17: 33 | AT17: 41 | AU17: 33 | AV17: 41 | AW17: 33 | AX17: 41 | AY17: 33 | AZ17: 41 | BA17: 33 | BB17: 41 | BC17: 33 | BD17: 41 | BE17: 33 | BF17: 41 | BH17: CANU Jason | BJ17: ='detail par semaine'!JO14 -> 9.25 | BK17: ='detail par semaine'!JP14 -> 0 | BL17: ='detail par semaine'!JQ14 -> 11.5625 | BN17: ='detail par semaine'!JS14 -> -8.25 | BO17: =BL17+E17+BN17-BM17 -> 3.3125 | BQ17: =(52-5)*2+BJ17+BK17 -> 103.25
B18: COCHET Mélina | C18: Logistique | D18: 39 | E18: 8.125 | F18: 39 | G18: 40 | H18: 40 | I18: 40.5 | J18: 39.5 | K18: 39.5 | L18: 39.25 | M18: 41.75 | N18: 40 | O18: 39 | P18: 39 | Q18: 39 | R18: 39 | S18: 39 | T18: 39 | U18: 39 | V18: 39 | W18: 39 | X18: 39 | Y18: 39 | Z18: 39 | AA18: 39 | AB18: 39 | AC18: 39 | AD18: 39 | AE18: 39 | AF18: 39 | AG18: 39 | AH18: 39 | AI18: 39 | AJ18: 39 | AK18: 39 | AL18: 39 | AM18: 39 | AN18: 39 | AO18: 39 | AP18: 39 | AQ18: 39 | AR18: 39 | AS18: 39 | AT18: 39 | AU18: 39 | AV18: 39 | AW18: 39 | AX18: 39 | AY18: 39 | AZ18: 39 | BA18: 39 | BB18: 39 | BC18: 39 | BD18: 39 | BE18: 39 | BF18: 39 | BH18: COCHET Mélina | BJ18: ='detail par semaine'!JO15 -> 8.5 | BK18: ='detail par semaine'!JP15 -> 0 | BL18: ='detail par semaine'!JQ15 -> 10.625 | BN18: ='detail par semaine'!JS15 -> 0 | BO18: =BL18+E18+BN18-BM18 -> 18.75 | BQ18: =(52-5)*2+BJ18+BK18 -> 102.5
B19: COLLINS Tom | C19: Production | D19: 37 | E19: 1 | F19: 41 | G19: 33 | H19: 41 | I19: 33 | J19: 40.75 | K19: 33 | L19: 41 | M19: 39 | N19: 39 | O19: 39 | P19: 41 | Q19: 33 | R19: 41 | S19: 33 | T19: 41 | U19: 33 | V19: 41 | W19: 33 | X19: 41 | Y19: 33 | Z19: 41 | AA19: 33 | AB19: 41 | AC19: 33 | AD19: 41 | AE19: 33 | AF19: 41 | AG19: 33 | AH19: 41 | AI19: 33 | AJ19: 41 | AK19: 33 | AL19: 41 | AM19: 33 | AN19: 41 | AO19: 33 | AP19: 41 | AQ19: 33 | AR19: 41 | AS19: 33 | AT19: 41 | AU19: 33 | AV19: 41 | AW19: 33 | AX19: 41 | AY19: 33 | AZ19: 41 | BA19: 33 | BB19: 41 | BC19: 33 | BD19: 41 | BE19: 33 | BF19: 41 | BH19: COLLINS Tom | BJ19: ='detail par semaine'!JO16 -> 10 | BK19: ='detail par semaine'!JP16 -> 0 | BL19: ='detail par semaine'!JQ16 -> 12.5 | BN19: ='detail par semaine'!JS16 -> -0.25 | BO19: =BL19+E19+BN19-BM19 -> 13.25 | BQ19: =(52-5)*2+BJ19+BK19 -> 104
B20: CORTOT Catherine | C20: Production | D20: 37 | E20: 10.1375 | F20: 41 | G20: 33 | H20: 41 | I20: 33 | J20: 41 | K20: 33 | L20: 41 | M20: 33 | N20: 41 | O20: 33.5 | P20: 41 | Q20: 33 | R20: 41 | S20: 33 | T20: 41 | U20: 33 | V20: 41 | W20: 33 | X20: 41 | Y20: 33 | Z20: 41 | AA20: 33 | AB20: 41 | AC20: 33 | AD20: 41 | AE20: 33 | AF20: 41 | AG20: 33 | AH20: 41 | AI20: 33 | AJ20: 41 | AK20: 33 | AL20: 41 | AM20: 33 | AN20: 41 | AO20: 33 | AP20: 41 | AQ20: 33 | AR20: 41 | AS20: 33 | AT20: 41 | AU20: 33 | AV20: 41 | AW20: 33 | AX20: 41 | AY20: 33 | AZ20: 41 | BA20: 33 | BB20: 41 | BC20: 33 | BD20: 41 | BE20: 33 | BF20: 41 | BH20: CORTOT Catherine | BJ20: ='detail par semaine'!JO17 -> 0.5 | BK20: ='detail par semaine'!JP17 -> 0 | BL20: ='detail par semaine'!JQ17 -> 0.625 | BN20: ='detail par semaine'!JS17 -> 0 | BO20: =BL20+E20+BN20-BM20 -> 10.7625 | BQ20: =(52-5)*2+BJ20+BK20 -> 94.5
B21: DUCERF Norbert | C21: Logistique | D21: 39 | E21: 0 | F21: 39 | G21: 39 | H21: 39 | I21: 40 | J21: 39 | K21: 40.25 | L21: 39.75 | M21: 39.75 | N21: 39.25 | O21: 39.25 | P21: 41.5 | Q21: 39 | R21: 39 | S21: 39 | T21: 39 | U21: 39 | V21: 39 | W21: 39 | X21: 39 | Y21: 39 | Z21: 39 | AA21: 39 | AB21: 39 | AC21: 39 | AD21: 39 | AE21: 39 | AF21: 39 | AG21: 39 | AH21: 39 | AI21: 39 | AJ21: 39 | AK21: 39 | AL21: 39 | AM21: 39 | AN21: 39 | AO21: 39 | AP21: 39 | AQ21: 39 | AR21: 39 | AS21: 39 | AT21: 39 | AU21: 39 | AV21: 39 | AW21: 39 | AX21: 39 | AY21: 39 | AZ21: 39 | BA21: 39 | BB21: 39 | BC21: 39 | BD21: 39 | BE21: 39 | BF21: 39 | BH21: DUCERF Norbert | BJ21: ='detail par semaine'!JO18 -> 6.75 | BK21: ='detail par semaine'!JP18 -> 0 | BL21: ='detail par semaine'!JQ18 -> 8.4375 | BN21: ='detail par semaine'!JS18 -> 0 | BO21: =BL21+E21+BN21-BM21 -> 8.4375 | BQ21: =(52-5)*2+BJ21+BK21 -> 100.75
... B32: MERLE Benjamin | C32: Production | D32: 37 | E32: 15.0025 | F32: 33 | G32: 41 | H32: 33 | I32: 41 | J32: 33 | K32: 41 | L32: 33 | M32: 41 | N32: 33 | O32: 33 | P32: 37 | Q32: 37 | R32: 37 | S32: 37 | T32: 37 | U32: 37 | V32: 37 | W32: 37 | X32: 37 | Y32: 37 | Z32: 37 | AA32: 37 | AB32: 37 | AC32: 37 | AD32: 37 | AE32: 37 | AF32: 37 | AG32: 37 | AH32: 37 | AI32: 37 | AJ32: 37 | AK32: 37 | AL32: 37 | AM32: 37 | AN32: 37 | AO32: 37 | AP32: 37 | AQ32: 37 | AR32: 37 | AS32: 37 | AT32: 37 | AU32: 37 | AV32: 37 | AW32: 37 | AX32: 37 | AY32: 37 | AZ32: 37 | BA32: 37 | BB32: 37 | BC32: 37 | BD32: 37 | BE32: 37 | BF32: 37 | BH32: MERLE Benjamin | BJ32: ='detail par semaine'!JO29 -> 0 | BK32: ='detail par semaine'!JP29 -> 0 | BL32: ='detail par semaine'!JQ29 -> 0 | BN32: ='detail par semaine'!JS29 -> -8 | BO32: =BL32+E32+BN32-BM32 -> 7.0025 | BQ32: =(52-5)*2+BJ32+BK32 -> 94
B33: MONIN Margaux | C33: Production | D33: 37 | E33: 0 | F33: 33 | G33: 41 | H33: 33 | I33: 41 | J33: 40.75 | K33: 41.25 | L33: 40.75 | M33: 41.25 | N33: 33 | O33: 41 | P33: 40.75 | Q33: 41 | R33: 33 | S33: 41 | T33: 33 | U33: 41 | V33: 33 | W33: 41 | X33: 33 | Y33: 41 | Z33: 33 | AA33: 41 | AB33: 33 | AC33: 41 | AD33: 33 | AE33: 41 | AF33: 33 | AG33: 41 | AH33: 33 | AI33: 41 | AJ33: 33 | AK33: 41 | AL33: 33 | AM33: 41 | AN33: 33 | AO33: 41 | AP33: 33 | AQ33: 41 | AR33: 33 | AS33: 41 | AT33: 33 | AU33: 41 | AV33: 33 | AW33: 41 | AX33: 33 | AY33: 41 | AZ33: 33 | BA33: 41 | BB33: 33 | BC33: 41 | BD33: 33 | BE33: 41 | BF33: 33 | BH33: MONIN Margaux | BJ33: ='detail par semaine'!JO30 -> 23.75 | BK33: ='detail par semaine'!JP30 -> 0 | BL33: ='detail par semaine'!JQ30 -> 29.6875 | BN33: ='detail par semaine'!JS30 -> 0 | BO33: =BL33+E33+BN33-BM33 -> 29.6875
B34: OUDAN Manon | C34: Production | D34: 37 | E34: 15 | F34: 33 | G34: 41 | H34: 33 | I34: 41 | J34: 33 | K34: 39.5 | L34: 40.75 | M34: 41.25 | N34: 33 | O34: 41 | P34: 33 | Q34: 41 | R34: 33 | S34: 41 | T34: 33 | U34: 41 | V34: 33 | W34: 41 | X34: 33 | Y34: 41 | Z34: 33 | AA34: 41 | AB34: 33 | AC34: 41 | AD34: 33 | AE34: 41 | AF34: 33 | AG34: 41 | AH34: 33 | AI34: 41 | AJ34: 33 | AK34: 41 | AL34: 33 | AM34: 41 | AN34: 33 | AO34: 41 | AP34: 33 | AQ34: 41 | AR34: 33 | AS34: 41 | AT34: 33 | AU34: 41 | AV34: 33 | AW34: 41 | AX34: 33 | AY34: 41 | AZ34: 33 | BA34: 41 | BB34: 33 | BC34: 41 | BD34: 33 | BE34: 41 | BF34: 33 | BH34: OUDAN Manon | BJ34: ='detail par semaine'!JO31 -> 6.5 | BK34: ='detail par semaine'!JP31 -> 0 | BL34: ='detail par semaine'!JQ31 -> 8.125 | BN34: ='detail par semaine'!JS31 -> 0 | BO34: =BL34+E34+BN34-BM34 -> 23.125 | BQ34: =(52-5)*2+BJ34+BK34 -> 100.5
B35: PACHECO Guillaume | C35: Production | D35: 37 | E35: 2.0625 | F35: 33 | G35: 40 | H35: 33 | I35: 41 | J35: 31.25 | K35: 41 | L35: 33 | M35: 41 | N35: 33 | O35: 37.5 | P35: 40.25 | Q35: 41 | R35: 33 | S35: 41 | T35: 33 | U35: 41 | V35: 33 | W35: 41 | X35: 33 | Y35: 41 | Z35: 33 | AA35: 41 | AB35: 33 | AC35: 41 | AD35: 33 | AE35: 41 | AF35: 33 | AG35: 41 | AH35: 33 | AI35: 41 | AJ35: 33 | AK35: 41 | AL35: 33 | AM35: 41 | AN35: 33 | AO35: 41 | AP35: 33 | AQ35: 41 | AR35: 33 | AS35: 41 | AT35: 33 | AU35: 41 | AV35: 33 | AW35: 41 | AX35: 33 | AY35: 41 | AZ35: 33 | BA35: 41 | BB35: 33 | BC35: 41 | BD35: 33 | BE35: 41 | BF35: 33 | BH35: PACHECO Guillaume | BJ35: ='detail par semaine'!JO32 -> 3.75 | BK35: ='detail par semaine'!JP32 -> 0 | BL35: ='detail par semaine'!JQ32 -> 4.6875 | BN35: ='detail par semaine'!JS32 -> -2.75 | BO35: =BL35+E35+BN35-BM35 -> 4 | BQ35: =(52-5)*2+BJ35+BK35 -> 97.75
B36: PAIN Mélanie | C36: Production | D36: 37 | E36: 8.69 | F36: 33 | G36: 41 | H36: 33 | I36: 41 | J36: 33 | K36: 38.25 | L36: 33 | M36: 41 | N36: 27.75 | O36: 41 | P36: 33 | Q36: 41 | R36: 33 | S36: 41 | T36: 33 | U36: 41 | V36: 33 | W36: 41 | X36: 33 | Y36: 41 | Z36: 33 | AA36: 41 | AB36: 33 | AC36: 41 | AD36: 33 | AE36: 41 | AF36: 33 | AG36: 41 | AH36: 33 | AI36: 41 | AJ36: 33 | AK36: 41 | AL36: 33 | AM36: 41 | AN36: 33 | AO36: 41 | AP36: 33 | AQ36: 41 | AR36: 33 | AS36: 41 | AT36: 33 | AU36: 41 | AV36: 33 | AW36: 41 | AX36: 33 | AY36: 41 | AZ36: 33 | BA36: 41 | BB36: 33 | BC36: 41 | BD36: 33 | BE36: 41 | BF36: 33 | BH36: PAIN Mélanie | BJ36: ='detail par semaine'!JO33 -> 1 | BK36: ='detail par semaine'!JP33 -> 0 | BL36: ='detail par semaine'!JQ33 -> 1.25 | BN36: ='detail par semaine'!JS33 -> -5.25 | BO36: =BL36+E36+BN36-BM36 -> 4.69 | BQ36: =(52-5)*2+BJ36+BK36 -> 95
B37: PENINGUY Grégory | C37: Production | D37: 37 | E37: 5.69 | F37: 41 | G37: 39 | H37: 38 | I37: 40.75 | J37: 33.25 | K37: 41.75 | L37: 33 | M37: 41 | N37: 33 | O37: 41 | P37: 33 | Q37: 41 | R37: 33 | S37: 41 | T37: 33 | U37: 41 | V37: 33 | W37: 41 | X37: 33 | Y37: 41 | Z37: 33 | AA37: 41 | AB37: 33 | AC37: 41 | AD37: 33 | AE37: 41 | AF37: 33 | AG37: 41 | AH37: 33 | AI37: 41 | AJ37: 33 | AK37: 41 | AL37: 33 | AM37: 41 | AN37: 33 | AO37: 41 | AP37: 33 | AQ37: 41 | AR37: 33 | AS37: 41 | AT37: 33 | AU37: 41 | AV37: 33 | AW37: 41 | AX37: 33 | AY37: 41 | AZ37: 33 | BA37: 41 | BB37: 33 | BC37: 41 | BD37: 33 | BE37: 41 | BF37: 33 | BH37: PENINGUY Grégory | BJ37: ='detail par semaine'!JO34 -> 3.75 | BK37: ='detail par semaine'!JP34 -> 0 | BL37: ='detail par semaine'!JQ34 -> 4.6875 | BN37: ='detail par semaine'!JS34 -> 0 | BO37: =BL37+E37+BN37-BM37 -> 10.3775 | BQ37: =(52-5)*2+BJ37+BK37 -> 97.75
B38: RECCHIA Laetitia | C38: Production CE | D38: 39 | E38: 0 | F38: 39 | G38: 39 | H38: 39 | I38: 39 | J38: 39 | K38: 39 | L38: 39 | M38: 39 | N38: 39 | O38: 39 | P38: 39 | Q38: 39 | R38: 39 | S38: 39 | T38: 39 | U38: 39 | V38: 39 | W38: 39 | X38: 39 | Y38: 39 | Z38: 39 | AA38: 39 | AB38: 39 | AC38: 39 | AD38: 39 | AE38: 39 | AF38: 39 | AG38: 39 | AH38: 39 | AI38: 39 | AJ38: 39 | AK38: 39 | AL38: 39 | AM38: 39 | AN38: 39 | AO38: 39 | AP38: 39 | AQ38: 39 | AR38: 39 | AS38: 39 | AT38: 39 | AU38: 39 | AV38: 39 | AW38: 39 | AX38: 39 | AY38: 39 | AZ38: 39 | BA38: 39 | BB38: 39 | BC38: 39 | BD38: 39 | BE38: 39 | BF38: 39 | BH38: =+B38 -> RECCHIA Laetitia | BJ38: ='detail par semaine'!JO35 -> 0 | BK38: ='detail par semaine'!JP35 -> 0 | BL38: ='detail par semaine'!JQ35 -> 0 | BN38: ='detail par semaine'!JS35 -> 0 | BO38: =BL38+E38+BN38-BM38 -> 0 | BQ38: =(52-5)*2+BJ38+BK38 -> 94
B39: REMY Ancélia | C39: Production | D39: 37 | E39: 13.63 | F39: 41 | G39: 33 | H39: 41 | I39: 33 | J39: 37.25 | K39: 33 | L39: 41 | M39: 33 | N39: 40.75 | O39: 33 | P39: 41 | Q39: 33 | R39: 41 | S39: 33 | T39: 41 | U39: 33 | V39: 41 | W39: 33 | X39: 41 | Y39: 33 | Z39: 41 | AA39: 33 | AB39: 41 | AC39: 33 | AD39: 41 | AE39: 33 | AF39: 41 | AG39: 33 | AH39: 41 | AI39: 33 | AJ39: 41 | AK39: 33 | AL39: 41 | AM39: 33 | AN39: 41 | AO39: 33 | AP39: 41 | AQ39: 33 | AR39: 41 | AS39: 33 | AT39: 41 | AU39: 33 | AV39: 41 | AW39: 33 | AX39: 41 | AY39: 33 | AZ39: 41 | BA39: 33 | BB39: 41 | BC39: 33 | BD39: 41 | BE39: 33 | BF39: 41 | BH39: REMY Ancélia | BJ39: ='detail par semaine'!JO36 -> 0 | BK39: ='detail par semaine'!JP36 -> 0 | BL39: ='detail par semaine'!JQ36 -> 0 | BN39: ='detail par semaine'!JS36 -> -4 | BO39: =BL39+E39+BN39-BM39 -> 9.63 | BQ39: =(52-5)*2+BJ39+BK39 -> 94
B40: REVERCHON Margarida | C40: Logistique | D40: 39 | E40: 1.24 | F40: 39 | G40: 39.75 | H40: 39.25 | I40: 39.75 | J40: 39 | K40: 39.25 | L40: 39 | M40: 39.5 | N40: 39.25 | O40: 39 | P40: 41.25 | Q40: 39 | R40: 39 | S40: 39 | T40: 39 | U40: 39 | V40: 39 | W40: 39 | X40: 39 | Y40: 39 | Z40: 39 | AA40: 39 | AB40: 39 | AC40: 39 | AD40: 39 | AE40: 39 | AF40: 39 | AG40: 39 | AH40: 39 | AI40: 39 | AJ40: 39 | AK40: 39 | AL40: 39 | AM40: 39 | AN40: 39 | AO40: 39 | AP40: 39 | AQ40: 39 | AR40: 39 | AS40: 39 | AT40: 39 | AU40: 39 | AV40: 39 | AW40: 39 | AX40: 39 | AY40: 39 | AZ40: 39 | BA40: 39 | BB40: 39 | BC40: 39 | BD40: 39 | BE40: 39 | BF40: 39 | BH40: REVERCHON Margarida | BJ40: ='detail par semaine'!JO37 -> 5 | BK40: ='detail par semaine'!JP37 -> 0 | BL40: ='detail par semaine'!JQ37 -> 6.25 | BN40: ='detail par semaine'!JS37 -> 0 | BO40: =BL40+E40+BN40-BM40 -> 7.49 | BQ40: =(52-5)*2+BJ40+BK40 -> 99
